{"stats":{"minecraft:used":{"born_in_chaos_v1:ethereal_spirit":11,"minecraft:shield":1,"minecraft:iron_sword":255,"minecraft:rotten_flesh":4,"minecraft:torch":15,"minecraft:dirt":20,"minecraft:carrot":2,"minecraft:wooden_axe":23,"minecraft:totem_of_undying":1,"minecraft:furnace":3,"tombstone:gift":8,"minecraft:cooked_beef":3,"minecraft:water_bucket":12,"minecraft:birch_planks":23,"minecraft:baked_potato":4,"minecraft:stone_pickaxe":135,"minecraft:wooden_pickaxe":9,"minecraft:golden_apple":3,"minecraft:crafting_table":7,"minecraft:apple":4,"born_in_chaos_v1:monster_flesh":2,"minecraft:iron_pickaxe":51,"minecraft:stone_axe":129,"minecraft:diamond_sword":21,"minecraft:wooden_sword":22,"minecraft:potion":2,"minecraft:cooked_porkchop":2,"minecraft:birch_log":2,"minecraft:bucket":13,"alexsmobs:animal_dictionary":1},"minecraft:custom":{"minecraft:mob_kills":69,"minecraft:interact_with_crafting_table":16,"minecraft:open_barrel":2,"minecraft:damage_dealt_resisted":1466,"minecraft:leave_game":2,"minecraft:time_since_death":14261,"minecraft:climb_one_cm":1730,"minecraft:sprint_one_cm":623678,"minecraft:walk_one_cm":690699,"minecraft:damage_blocked_by_shield":60,"minecraft:drop":37,"minecraft:damage_dealt_absorbed":44,"minecraft:play_time":102112,"minecraft:deaths":11,"minecraft:sneak_time":12618,"minecraft:walk_under_water_one_cm":11650,"minecraft:jump":1529,"minecraft:walk_on_water_one_cm":16195,"minecraft:total_world_time":102112,"minecraft:interact_with_furnace":33,"tombstone:raider_killed":15,"minecraft:time_since_rest":14283,"minecraft:damage_taken":4073,"minecraft:damage_absorbed":126,"tombstone:sneak_grave":2,"minecraft:damage_dealt":12836,"minecraft:swim_one_cm":1216,"minecraft:fly_one_cm":440869,"minecraft:player_kills":5,"minecraft:open_chest":79,"minecraft:crouch_one_cm":78369,"tombstone:undead_killed":20,"minecraft:fall_one_cm":26223},"minecraft:crafted":{"minecraft:wooden_sword":1,"minecraft:furnace":2,"minecraft:stone_pickaxe":2,"minecraft:cooked_beef":3,"minecraft:cooked_porkchop":1,"minecraft:crafting_table":3,"minecraft:wooden_pickaxe":1,"minecraft:iron_sword":1,"minecraft:birch_planks":128,"minecraft:stone_axe":1,"minecraft:air":0,"minecraft:golden_apple":5,"minecraft:stick":16,"minecraft:iron_pickaxe":1,"minecraft:iron_ingot":5,"minecraft:wooden_axe":1,"minecraft:torch":24},"minecraft:mined":{"minecraft:blue_carpet":1,"minecraft:mossy_cobblestone":2,"minecraft:nether_bricks":1,"minecraft:grass_block":8,"minecraft:spawner":6,"minecraft:furnace":2,"minecraft:iron_ore":26,"treechop:chopped_log":3,"minecraft:bookshelf":76,"minecraft:iron_bars":7,"minecraft:stone":60,"minecraft:white_wool":7,"minecraft:glass_pane":8,"minecraft:crafting_table":5,"soulsweapons:moonstone_ore":2,"minecraft:torch":3,"minecraft:dark_oak_wood":7,"minecraft:oak_planks":29,"minecraft:wall_torch":7,"minecraft:birch_planks":6,"minecraft:birch_log":8,"minecraft:lilac":1,"minecraft:gray_bed":1,"minecraft:white_carpet":1,"minecraft:birch_leaves":1,"minecraft:tnt":1,"minecraft:grass":1,"minecraft:oak_log":7,"minecraft:coal_ore":82,"minecraft:dripstone_block":1,"minecraft:dirt":11,"minecraft:cracked_stone_bricks":1,"minecraft:netherrack":1,"minecraft:mossy_stone_bricks":1},"minecraft:broken":{"minecraft:stone_pickaxe":1,"minecraft:stone_axe":1,"minecraft:iron_sword":1},"minecraft:killed_by":{"minecraft:player":3,"born_in_chaos_v1:corpse_fly":1,"minecraft:vindicator":2,"minecraft:zombie":1,"minecraft:vex":4},"minecraft:picked_up":{"ars_nouveau:caster_tome":1,"minecraft:crafting_table":5,"iceandfire:witherbone":1,"born_in_chaos_v1:seedof_chaos":1,"minecraft:diamond_sword":1,"minecraft:wooden_pickaxe":1,"soulsweapons:moonstone":2,"minecraft:potion":1,"minecraft:enchanted_book":1,"minecraft:string":14,"graveyard:corruption":3,"minecraft:bucket":1,"minecraft:beef":3,"minecraft:birch_sapling":12,"minecraft:furnace":1,"minecraft:stick":6,"minecraft:raw_iron":26,"minecraft:torch":16,"epicfight:skillbook":1,"tombstone:grave_dust":4,"minecraft:carrot":2,"minecraft:black_dye":1,"minecraft:tnt":2,"minecraft:arrow":1,"minecraft:rotten_flesh":4,"minecraft:nether_bricks":1,"minecraft:totem_of_undying":4,"minecraft:iron_bars":7,"minecraft:white_wool":7,"minecraft:cobblestone":57,"minecraft:birch_log":35,"born_in_chaos_v1:corpse_maggot":7,"born_in_chaos_v1:monster_flesh":2,"minecraft:leather":2,"minecraft:golden_leggings":2,"minecraft:birch_planks":6,"paraglider:spirit_orb":14,"minecraft:oak_log":8,"minecraft:dirt":68,"tombstone:gift":1,"minecraft:bone":13,"alexsmobs:cockroach_wing_fragment":1,"minecraft:diamond_helmet":1,"minecraft:gray_bed":1,"minecraft:iron_sword":1,"minecraft:oak_planks":32,"minecraft:book":237,"minecraft:cooked_porkchop":1,"born_in_chaos_v1:ethereal_spirit":1,"minecraft:dripstone_block":1,"minecraft:spider_eye":4,"minecraft:mossy_cobblestone":1,"useless_sword:vex_ectoplasm":4,"minecraft:chainmail_leggings":1,"minecraft:emerald":9,"alexsmobs:maggot":2,"tombstone:magic_scroll":1,"minecraft:dark_oak_wood":6,"minecraft:coal":97},"minecraft:dropped":{"minecraft:iron_sword":1,"minecraft:golden_helmet":1,"minecraft:oak_log":8,"minecraft:mossy_cobblestone":1,"minecraft:glass_bottle":2,"minecraft:leather":2,"minecraft:coal":5,"minecraft:dirt":40,"minecraft:wooden_axe":1,"minecraft:potion":1,"minecraft:wooden_sword":1,"minecraft:string":8,"minecraft:birch_log":1,"ars_nouveau:caster_tome":1,"minecraft:bone":3,"alexsmobs:maggot":2,"minecraft:birch_sapling":12,"alexsmobs:cockroach_wing_fragment":1,"minecraft:golden_leggings":3,"minecraft:spider_eye":4,"minecraft:iron_bars":1,"minecraft:arrow":1,"minecraft:wooden_pickaxe":2},"minecraft:killed":{"minecraft:evoker":4,"minecraft:vex":1,"minecraft:cave_spider":7,"minecraft:spider":3,"minecraft:vindicator":11,"born_in_chaos_v1:baby_skeleton_minion":2,"born_in_chaos_v1:maggot":4,"minecraft:skeleton":5,"born_in_chaos_v1:bonescaller":1,"graveyard:ghoul":1,"minecraft:zombie_villager":1,"born_in_chaos_v1:baby_skeleton":2,"born_in_chaos_v1:wither_scuttler":1,"minecraft:creeper":1,"minecraft:zombie":6,"alexsmobs:cockroach":1,"ars_nouveau:wilden_stalker":1,"born_in_chaos_v1:dread_hound":2,"born_in_chaos_v1:corpse_fly":8,"born_in_chaos_v1:dark_vortex":1,"alexsmobs:fly":1,"born_in_chaos_v1:door_knight":1,"minecraft:wither_skeleton":1,"minecraft:cow":1}},"DataVersion":2975}