{"stats":{"minecraft:picked_up":{"ars_nouveau:caster_tome":2,"minecraft:birch_door":1,"minecraft:wheat":4,"minecraft:flower_pot":1,"minecraft:diamond_sword":3,"born_in_chaos_v1:black_argillite_brick_wall":1,"soulsweapons:moonstone":2,"minecraft:potion":2,"minecraft:enchanted_book":2,"minecraft:stone_brick_stairs":2,"tombstone:grave_key":1,"minecraft:string":27,"minecraft:raw_copper":5,"minecraft:pufferfish":1,"minecraft:bucket":1,"minecraft:spruce_planks":1,"minecraft:iron_pickaxe":1,"minecraft:furnace":4,"minecraft:tipped_arrow":5,"minecraft:stick":8,"born_in_chaos_v1:shattered_skull":3,"minecraft:torch":90,"born_in_chaos_v1:pileof_dark_metal":1,"minecraft:spruce_stairs":2,"iceandfire:silver_ore":3,"epicfight:skillbook":9,"minecraft:porkchop":3,"tombstone:grave_dust":21,"minecraft:diorite":1,"minecraft:black_dye":1,"minecraft:quartz_block":2,"minecraft:rotten_flesh":46,"epicfight:stray_robe":1,"minecraft:iron_bars":15,"minecraft:snowball":16,"alexsmobs:lobster_tail":2,"minecraft:cobblestone":132,"minecraft:birch_log":59,"minecraft:leather_chestplate":1,"minecraft:golden_leggings":2,"paraglider:spirit_orb":40,"minecraft:lapis_lazuli":44,"minecraft:dirt":187,"born_in_chaos_v1:monster_skin":2,"minecraft:leather_boots":1,"minecraft:bone":122,"minecraft:bow":5,"minecraft:wheat_seeds":60,"minecraft:mossy_stone_bricks":13,"minecraft:diamond_helmet":1,"minecraft:oak_planks":42,"minecraft:music_disc_13":1,"minecraft:cooked_porkchop":1,"minecraft:stripped_spruce_log":17,"minecraft:dark_oak_log":13,"iceandfire:frozen_dirt":3,"minecraft:mossy_cobblestone":9,"minecraft:blue_terracotta":1,"tombstone:familiar_stone":1,"minecraft:emerald":12,"iceandfire:gorgon_head":1,"alexsmobs:maggot":4,"born_in_chaos_v1:rotten_fish":1,"minecraft:light_gray_carpet":5,"minecraft:crafting_table":7,"born_in_chaos_v1:diamond_termite_shard":3,"minecraft:allium":1,"minecraft:azure_bluet":2,"iceandfire:witherbone":2,"born_in_chaos_v1:seedof_chaos":1,"minecraft:wooden_pickaxe":1,"minecraft:chain":3,"epicfight:stray_hat":1,"born_in_chaos_v1:intoxicating_decoction":1,"iceandfire:graveyard_soil":1,"graveyard:corruption":4,"minecraft:cracked_stone_bricks":2,"minecraft:beef":12,"iceandfire:armor_silver_metal_leggings":1,"minecraft:poppy":8,"minecraft:light_gray_wool":2,"minecraft:spruce_slab":5,"minecraft:birch_sapling":12,"minecraft:raw_iron":67,"wom:golden_kit":1,"born_in_chaos_v1:pieceofdarkmetal":1,"minecraft:carrot":2,"minecraft:tnt":15,"minecraft:arrow":17,"minecraft:nether_bricks":1,"minecraft:hay_block":6,"minecraft:totem_of_undying":5,"born_in_chaos_v1:spiny_shell":2,"tombstone:essence_of_undeath":1,"sophisticatedbackpacks:copper_backpack":1,"minecraft:mutton":14,"minecraft:skeleton_skull":2,"minecraft:white_wool":20,"minecraft:oxeye_daisy":1,"born_in_chaos_v1:corpse_maggot":25,"minecraft:clock":1,"minecraft:golden_carrot":1,"born_in_chaos_v1:monster_flesh":3,"minecraft:glow_ink_sac":1,"minecraft:tripwire_hook":6,"useless_sword:wither_bone":1,"minecraft:leather":9,"minecraft:red_mushroom":1,"minecraft:birch_planks":8,"minecraft:crimson_fungus":1,"minecraft:oak_log":10,"minecraft:chainmail_chestplate":1,"iceandfire:ectoplasm":2,"minecraft:golden_boots":2,"minecraft:gunpowder":2,"tombstone:gift":1,"minecraft:red_carpet":1,"minecraft:stone_bricks":8,"minecraft:gray_carpet":5,"alexsmobs:cockroach_wing_fragment":1,"minecraft:iron_ingot":6,"minecraft:glass_bottle":1,"minecraft:gray_bed":1,"minecraft:iron_sword":1,"iceandfire:fire_dragon_flesh":1,"minecraft:book":237,"minecraft:polished_andesite_stairs":3,"minecraft:warped_fungus":1,"born_in_chaos_v1:ethereal_spirit":4,"minecraft:dripstone_block":1,"minecraft:spruce_sapling":3,"epicfight:uchigatana":1,"minecraft:spruce_log":1,"minecraft:spider_eye":9,"minecraft:diamond_shovel":1,"useless_sword:vex_ectoplasm":4,"minecraft:stone_axe":1,"minecraft:chainmail_leggings":1,"tombstone:magic_scroll":1,"minecraft:dark_oak_wood":8,"minecraft:coal":170},"minecraft:dropped":{"minecraft:iron_sword":1,"minecraft:warped_fungus":1,"minecraft:oak_log":8,"minecraft:glass_bottle":5,"iceandfire:frozen_dirt":1,"minecraft:leather":2,"iceandfire:ectoplasm":1,"minecraft:cracked_stone_bricks":2,"minecraft:dirt":40,"born_in_chaos_v1:monster_skin":1,"minecraft:chain":3,"minecraft:wooden_sword":1,"minecraft:birch_log":1,"minecraft:white_wool":3,"epicfight:stray_robe":1,"minecraft:bone":3,"minecraft:gravel":1,"minecraft:birch_sapling":12,"minecraft:wheat":2,"minecraft:rotten_flesh":8,"minecraft:oak_planks":10,"minecraft:azure_bluet":2,"minecraft:poppy":10,"minecraft:tipped_arrow":2,"minecraft:gunpowder":2,"minecraft:quartz_block":2,"born_in_chaos_v1:corpse_maggot":1,"born_in_chaos_v1:diamond_termite_shard":1,"minecraft:iron_bars":1,"minecraft:arrow":1,"minecraft:stone_brick_stairs":2,"minecraft:bread":6,"minecraft:wheat_seeds":2,"minecraft:golden_helmet":1,"minecraft:mossy_cobblestone":9,"minecraft:coal":5,"minecraft:stick":2,"minecraft:golden_carrot":1,"minecraft:torch":18,"tombstone:grave_key":1,"minecraft:wooden_axe":1,"tombstone:grave_dust":1,"minecraft:potion":1,"minecraft:polished_andesite_stairs":1,"minecraft:string":10,"minecraft:tripwire_hook":2,"minecraft:gray_carpet":5,"minecraft:spruce_sapling":2,"ars_nouveau:caster_tome":2,"alexsmobs:maggot":2,"minecraft:raw_copper":5,"iceandfire:silver_ore":3,"minecraft:diamond_sword":2,"minecraft:shield":1,"minecraft:allium":1,"alexsmobs:cockroach_wing_fragment":1,"minecraft:mossy_stone_bricks":11,"minecraft:golden_leggings":3,"minecraft:stone_bricks":3,"minecraft:spider_eye":4,"minecraft:spruce_log":1,"minecraft:bow":1,"minecraft:wooden_pickaxe":2},"minecraft:mined":{"minecraft:blue_carpet":1,"minecraft:grass_block":9,"minecraft:oxeye_daisy":1,"minecraft:spawner":19,"minecraft:weeping_vines_plant":4,"minecraft:iron_ore":64,"minecraft:fire":10,"minecraft:deepslate_lapis_ore":1,"minecraft:azure_bluet":1,"minecraft:iron_bars":11,"minecraft:tripwire":6,"minecraft:quartz_block":1,"minecraft:powder_snow":9,"iceandfire:dragon_ice_spikes":2,"soulsweapons:moonstone_ore":2,"minecraft:torch":9,"minecraft:dark_oak_wood":7,"minecraft:dead_bush":1,"minecraft:cobblestone":2,"minecraft:oak_planks":29,"minecraft:wall_torch":16,"minecraft:skeleton_skull":1,"minecraft:blue_terracotta":1,"minecraft:birch_log":8,"minecraft:lilac":1,"minecraft:tnt":10,"minecraft:stone_brick_stairs":1,"minecraft:grass":28,"minecraft:oak_log":7,"minecraft:dirt":18,"minecraft:tripwire_hook":4,"minecraft:netherrack":1,"minecraft:oak_leaves":1,"minecraft:red_carpet":1,"iceandfire:silver_ore":3,"minecraft:mossy_cobblestone":13,"minecraft:dark_oak_leaves":4,"born_in_chaos_v1:infected_diamond_ore":1,"minecraft:nether_bricks":1,"born_in_chaos_v1:black_argillite_brick_wall":1,"minecraft:weeping_vines":1,"minecraft:spruce_leaves":16,"minecraft:large_fern":12,"minecraft:hay_block":6,"minecraft:furnace":5,"treechop:chopped_log":3,"minecraft:mossy_stone_brick_stairs":1,"minecraft:bookshelf":76,"minecraft:deepslate_iron_ore":3,"minecraft:vine":8,"minecraft:packed_ice":20,"minecraft:stone":121,"minecraft:white_wool":7,"minecraft:podzol":4,"minecraft:glass_pane":9,"minecraft:crafting_table":6,"minecraft:emerald_ore":2,"minecraft:rose_bush":1,"minecraft:tall_grass":11,"minecraft:lapis_ore":5,"minecraft:birch_planks":6,"minecraft:gray_bed":1,"minecraft:white_carpet":1,"minecraft:birch_leaves":5,"minecraft:coal_ore":142,"minecraft:dripstone_block":1,"graveyard:leaning_skeleton":1,"minecraft:cobweb":6,"minecraft:cracked_stone_bricks":3,"minecraft:stone_bricks":5,"minecraft:mossy_stone_bricks":10,"minecraft:fern":15},"minecraft:custom":{"minecraft:interact_with_crafting_table":32,"minecraft:open_barrel":16,"minecraft:eat_cake_slice":9,"minecraft:leave_game":12,"minecraft:time_since_death":5338,"minecraft:sprint_one_cm":1477949,"minecraft:damage_blocked_by_shield":60,"minecraft:drop":143,"minecraft:play_time":312728,"minecraft:deaths":40,"minecraft:jump":6410,"minecraft:walk_on_water_one_cm":67444,"minecraft:interact_with_furnace":58,"minecraft:sleep_in_bed":3,"tombstone:sneak_grave":2,"minecraft:damage_dealt":45936,"minecraft:player_kills":22,"minecraft:crouch_one_cm":144260,"tombstone:undead_killed":91,"minecraft:mob_kills":239,"minecraft:damage_dealt_resisted":6032,"minecraft:climb_one_cm":4424,"minecraft:walk_one_cm":2425111,"minecraft:damage_dealt_absorbed":209,"minecraft:sneak_time":23445,"minecraft:walk_under_water_one_cm":37515,"minecraft:total_world_time":312728,"tombstone:raider_killed":17,"minecraft:time_since_rest":5364,"minecraft:damage_taken":17312,"minecraft:damage_absorbed":533,"minecraft:trigger_trapped_chest":2,"minecraft:swim_one_cm":32698,"minecraft:fly_one_cm":1754805,"minecraft:open_chest":200,"minecraft:fall_one_cm":157577},"minecraft:killed":{"born_in_chaos_v1:zombie_clown":2,"alexsmobs:hummingbird":1,"minecraft:cave_spider":9,"alexsmobs:lobster":3,"born_in_chaos_v1:restless_spirit":2,"born_in_chaos_v1:skeleton_demoman":2,"iceandfire:gorgon":1,"minecraft:spider":14,"born_in_chaos_v1:baby_skeleton_minion":2,"minecraft:skeleton":11,"realmrpg_demons:chort":3,"born_in_chaos_v1:skeleton_thrasher":1,"minecraft:silverfish":2,"born_in_chaos_v1:baby_skeleton_2":3,"born_in_chaos_v1:bonescaller":1,"minecraft:pig":2,"minecraft:zombie_villager":2,"born_in_chaos_v1:diamond_termite":1,"born_in_chaos_v1:wither_scuttler":1,"alexsmobs:seal":2,"minecraft:creeper":4,"minecraft:sheep":10,"born_in_chaos_v1:zombie_fisherman":1,"minecraft:pillager":1,"minecraft:goat":1,"minecraft:zombie":31,"born_in_chaos_v1:dread_hound":4,"born_in_chaos_v1:corpse_fly":28,"minecraft:stray":11,"alexsmobs:fly":3,"born_in_chaos_v1:door_knight":2,"minecraft:cow":4,"minecraft:vex":1,"minecraft:evoker":4,"graveyard:revenant":1,"alexsmobs:raccoon":1,"minecraft:vindicator":12,"alexsmobs:seagull":1,"born_in_chaos_v1:skeleton_thrasher_not_despawn":1,"born_in_chaos_v1:zombie_bruiser":1,"born_in_chaos_v1:maggot":6,"ars_nouveau:summon_wolf":7,"born_in_chaos_v1:corpse_fish":2,"graveyard:ghoul":1,"born_in_chaos_v1:baby_skeleton":4,"born_in_chaos_v1:decrepit_skeleton":5,"born_in_chaos_v1:decaying_zombie":1,"alexsmobs:cockroach":1,"ars_nouveau:wilden_stalker":5,"iceandfire:ghost":4,"born_in_chaos_v1:dark_vortex":1,"born_in_chaos_v1:nightmare_stalker":1,"iceandfire:ice_dragon":1,"alexsmobs:crow":1,"ars_nouveau:wilden_hunter":5,"minecraft:wither_skeleton":3},"minecraft:killed_by":{"born_in_chaos_v1:nightmare_stalker":1,"iceandfire:cyclops":3,"minecraft:creeper":1,"born_in_chaos_v1:corpse_fly":1,"minecraft:vindicator":2,"ars_nouveau:wilden_hunter":1,"iceandfire:ice_dragon":1,"born_in_chaos_v1:supreme_bonescaller_not_despawn":1,"minecraft:zombie":1,"born_in_chaos_v1:bonescaller_not_despawn":1,"iceandfire:fire_dragon":3,"minecraft:vex":4,"minecraft:player":16,"minecraft:stray":2,"iceandfire:ghost":1},"minecraft:crafted":{"minecraft:chest":1,"minecraft:birch_door":9,"minecraft:cooked_porkchop":1,"minecraft:crafting_table":5,"minecraft:wooden_pickaxe":1,"minecraft:birch_planks":128,"minecraft:stick":28,"minecraft:iron_ingot":26,"minecraft:iron_pickaxe":2,"minecraft:wooden_sword":1,"minecraft:oak_door":3,"minecraft:furnace":4,"minecraft:stone_pickaxe":2,"minecraft:wheat":54,"minecraft:cooked_beef":12,"minecraft:iron_sword":1,"minecraft:stone_axe":1,"minecraft:bread":18,"minecraft:air":0,"minecraft:golden_apple":5,"minecraft:wooden_axe":1,"minecraft:torch":56},"minecraft:used":{"born_in_chaos_v1:intoxicating_decoction":1,"minecraft:chest":1,"minecraft:shield":1,"minecraft:iron_sword":255,"minecraft:rotten_flesh":15,"minecraft:mutton":7,"minecraft:nether_bricks":1,"minecraft:carrot":6,"born_in_chaos_v1:smoked_flesh":3,"alexsmobs:lobster_tail":2,"minecraft:polished_andesite_stairs":1,"minecraft:dark_oak_wood":2,"minecraft:stone_bricks":2,"ars_nouveau:source_berry":6,"minecraft:red_carpet":1,"minecraft:bow":16,"minecraft:furnace":7,"minecraft:gray_bed":1,"minecraft:potato":3,"epicfight:skillbook":2,"minecraft:diorite":1,"minecraft:stone_pickaxe":135,"minecraft:wooden_pickaxe":9,"iceandfire:frozen_dirt":2,"minecraft:golden_apple":8,"born_in_chaos_v1:monster_flesh":2,"minecraft:bread":17,"minecraft:diamond_sword":665,"minecraft:wooden_sword":22,"tombstone:familiar_stone":10,"minecraft:birch_log":2,"born_in_chaos_v1:ethereal_spirit":11,"minecraft:oak_door":3,"minecraft:torch":89,"minecraft:dirt":62,"minecraft:birch_door":9,"minecraft:wooden_axe":23,"minecraft:totem_of_undying":5,"minecraft:golden_carrot":5,"tombstone:gift":12,"minecraft:cooked_beef":12,"minecraft:powder_snow_bucket":2,"minecraft:water_bucket":68,"iceandfire:fire_dragon_flesh":1,"minecraft:snow_block":4,"minecraft:birch_planks":23,"minecraft:baked_potato":10,"minecraft:tnt":1,"minecraft:crafting_table":10,"minecraft:apple":6,"minecraft:diamond_shovel":1,"minecraft:iron_pickaxe":335,"wom:golden_kit":2,"minecraft:stone_axe":129,"minecraft:potion":7,"minecraft:cobblestone":13,"minecraft:porkchop":3,"minecraft:cooked_porkchop":2,"minecraft:bucket":71,"alexsmobs:animal_dictionary":1,"epicfight:uchigatana":87},"minecraft:broken":{"minecraft:golden_boots":1,"minecraft:iron_chestplate":1,"minecraft:stone_pickaxe":1,"minecraft:stone_axe":1,"minecraft:iron_sword":1,"iceandfire:armor_silver_metal_leggings":1,"minecraft:chainmail_helmet":1,"minecraft:iron_pickaxe":1,"epicfight:stray_hat":1}},"DataVersion":2975}