{"stats":{"minecraft:dropped":{"minecraft:iron_sword":1,"minecraft:wheat_seeds":1,"minecraft:golden_helmet":1,"minecraft:warped_fungus":1,"minecraft:oak_log":8,"minecraft:mossy_cobblestone":9,"minecraft:glass_bottle":3,"minecraft:leather":2,"minecraft:cracked_stone_bricks":2,"minecraft:coal":5,"minecraft:dirt":40,"minecraft:golden_carrot":1,"born_in_chaos_v1:monster_skin":1,"minecraft:wooden_axe":1,"minecraft:potion":1,"minecraft:wooden_sword":1,"minecraft:string":9,"minecraft:birch_log":1,"minecraft:white_wool":3,"epicfight:stray_robe":1,"minecraft:gray_carpet":5,"minecraft:spruce_sapling":2,"ars_nouveau:caster_tome":2,"minecraft:bone":3,"alexsmobs:maggot":2,"minecraft:raw_copper":5,"minecraft:birch_sapling":12,"minecraft:wheat":2,"minecraft:rotten_flesh":8,"minecraft:oak_planks":10,"iceandfire:silver_ore":3,"minecraft:diamond_sword":2,"minecraft:shield":1,"minecraft:gunpowder":2,"alexsmobs:cockroach_wing_fragment":1,"minecraft:quartz_block":2,"born_in_chaos_v1:corpse_maggot":1,"minecraft:mossy_stone_bricks":9,"minecraft:golden_leggings":3,"born_in_chaos_v1:diamond_termite_shard":1,"minecraft:spider_eye":4,"minecraft:iron_bars":1,"minecraft:arrow":1,"minecraft:wooden_pickaxe":2,"minecraft:stone_brick_stairs":2},"minecraft:killed":{"born_in_chaos_v1:zombie_clown":2,"minecraft:evoker":4,"minecraft:vex":1,"alexsmobs:lobster":3,"minecraft:cave_spider":7,"born_in_chaos_v1:restless_spirit":1,"alexsmobs:raccoon":1,"iceandfire:gorgon":1,"minecraft:spider":6,"minecraft:vindicator":12,"alexsmobs:seagull":1,"born_in_chaos_v1:baby_skeleton_minion":2,"born_in_chaos_v1:maggot":4,"minecraft:skeleton":7,"realmrpg_demons:chort":3,"born_in_chaos_v1:baby_skeleton_2":1,"ars_nouveau:summon_wolf":4,"born_in_chaos_v1:bonescaller":1,"minecraft:pig":2,"graveyard:ghoul":1,"born_in_chaos_v1:baby_skeleton":3,"born_in_chaos_v1:diamond_termite":1,"minecraft:zombie_villager":1,"born_in_chaos_v1:wither_scuttler":1,"alexsmobs:seal":2,"minecraft:creeper":3,"born_in_chaos_v1:decrepit_skeleton":1,"minecraft:sheep":3,"born_in_chaos_v1:zombie_fisherman":1,"alexsmobs:cockroach":1,"minecraft:zombie":15,"ars_nouveau:wilden_stalker":2,"born_in_chaos_v1:dread_hound":3,"born_in_chaos_v1:corpse_fly":17,"born_in_chaos_v1:dark_vortex":1,"minecraft:stray":3,"born_in_chaos_v1:nightmare_stalker":1,"alexsmobs:fly":3,"ars_nouveau:wilden_hunter":2,"born_in_chaos_v1:door_knight":1,"minecraft:wither_skeleton":2,"minecraft:cow":4},"minecraft:crafted":{"minecraft:wooden_sword":1,"minecraft:oak_door":3,"minecraft:furnace":4,"minecraft:stone_pickaxe":2,"minecraft:chest":1,"minecraft:birch_door":9,"minecraft:cooked_beef":12,"minecraft:cooked_porkchop":1,"minecraft:crafting_table":5,"minecraft:wooden_pickaxe":1,"minecraft:iron_sword":1,"minecraft:birch_planks":128,"minecraft:stone_axe":1,"minecraft:air":0,"minecraft:golden_apple":5,"minecraft:stick":28,"minecraft:iron_pickaxe":2,"minecraft:iron_ingot":26,"minecraft:wooden_axe":1,"minecraft:torch":56},"minecraft:killed_by":{"minecraft:player":6,"born_in_chaos_v1:nightmare_stalker":1,"born_in_chaos_v1:corpse_fly":1,"minecraft:vindicator":2,"minecraft:zombie":1,"minecraft:vex":4},"minecraft:custom":{"minecraft:mob_kills":137,"minecraft:interact_with_crafting_table":31,"minecraft:open_barrel":14,"minecraft:damage_dealt_resisted":1796,"minecraft:eat_cake_slice":4,"minecraft:leave_game":9,"minecraft:time_since_death":27302,"minecraft:climb_one_cm":3839,"minecraft:sprint_one_cm":1002561,"minecraft:walk_one_cm":1789728,"minecraft:damage_blocked_by_shield":60,"minecraft:drop":104,"minecraft:damage_dealt_absorbed":102,"minecraft:play_time":213172,"minecraft:sneak_time":19802,"minecraft:deaths":15,"minecraft:walk_under_water_one_cm":33303,"minecraft:jump":4060,"minecraft:walk_on_water_one_cm":60024,"minecraft:total_world_time":213172,"minecraft:interact_with_furnace":56,"tombstone:raider_killed":16,"minecraft:sleep_in_bed":3,"minecraft:time_since_rest":27326,"minecraft:damage_taken":8159,"minecraft:damage_absorbed":494,"tombstone:sneak_grave":2,"minecraft:damage_dealt":26648,"minecraft:player_kills":13,"minecraft:swim_one_cm":30366,"minecraft:fly_one_cm":1099741,"minecraft:open_chest":144,"minecraft:crouch_one_cm":124017,"tombstone:undead_killed":42,"minecraft:fall_one_cm":81890},"minecraft:mined":{"minecraft:blue_carpet":1,"minecraft:red_carpet":1,"iceandfire:silver_ore":3,"minecraft:mossy_cobblestone":13,"born_in_chaos_v1:infected_diamond_ore":1,"minecraft:nether_bricks":1,"minecraft:grass_block":8,"minecraft:weeping_vines":1,"minecraft:spruce_leaves":14,"minecraft:oxeye_daisy":1,"minecraft:spawner":10,"minecraft:large_fern":12,"minecraft:weeping_vines_plant":4,"minecraft:furnace":5,"minecraft:iron_ore":64,"minecraft:fire":9,"treechop:chopped_log":3,"minecraft:deepslate_lapis_ore":1,"minecraft:azure_bluet":1,"minecraft:mossy_stone_brick_stairs":1,"minecraft:bookshelf":76,"minecraft:deepslate_iron_ore":1,"minecraft:vine":6,"minecraft:iron_bars":7,"minecraft:stone":110,"minecraft:white_wool":7,"minecraft:podzol":4,"minecraft:glass_pane":8,"minecraft:quartz_block":1,"minecraft:powder_snow":5,"minecraft:crafting_table":6,"soulsweapons:moonstone_ore":2,"minecraft:torch":7,"minecraft:dark_oak_wood":7,"minecraft:dead_bush":1,"minecraft:tall_grass":1,"minecraft:lapis_ore":5,"minecraft:oak_planks":29,"minecraft:wall_torch":12,"minecraft:skeleton_skull":1,"minecraft:birch_planks":6,"minecraft:birch_log":8,"minecraft:lilac":1,"minecraft:white_carpet":1,"minecraft:gray_bed":1,"minecraft:birch_leaves":5,"minecraft:tnt":1,"minecraft:stone_brick_stairs":1,"minecraft:grass":13,"minecraft:coal_ore":142,"minecraft:oak_log":7,"graveyard:leaning_skeleton":1,"minecraft:dirt":16,"minecraft:dripstone_block":1,"minecraft:cobweb":6,"minecraft:cracked_stone_bricks":3,"minecraft:netherrack":1,"minecraft:mossy_stone_bricks":10,"minecraft:fern":15},"minecraft:used":{"born_in_chaos_v1:ethereal_spirit":11,"minecraft:chest":1,"minecraft:shield":1,"minecraft:iron_sword":255,"minecraft:rotten_flesh":8,"minecraft:oak_door":3,"minecraft:torch":68,"minecraft:dirt":58,"minecraft:mutton":2,"minecraft:carrot":6,"minecraft:nether_bricks":1,"minecraft:birch_door":9,"minecraft:wooden_axe":23,"alexsmobs:lobster_tail":2,"minecraft:dark_oak_wood":2,"minecraft:totem_of_undying":5,"ars_nouveau:source_berry":6,"minecraft:red_carpet":1,"minecraft:bow":3,"minecraft:golden_carrot":5,"minecraft:furnace":7,"minecraft:gray_bed":1,"tombstone:gift":8,"minecraft:cooked_beef":12,"minecraft:water_bucket":50,"minecraft:diorite":1,"minecraft:birch_planks":23,"minecraft:baked_potato":4,"minecraft:stone_pickaxe":135,"minecraft:wooden_pickaxe":9,"minecraft:golden_apple":7,"minecraft:crafting_table":10,"minecraft:apple":6,"minecraft:diamond_shovel":1,"born_in_chaos_v1:monster_flesh":2,"minecraft:iron_pickaxe":259,"minecraft:stone_axe":129,"tombstone:familiar_stone":9,"minecraft:diamond_sword":346,"minecraft:potion":6,"minecraft:wooden_sword":22,"minecraft:porkchop":3,"minecraft:cooked_porkchop":2,"minecraft:bucket":51,"minecraft:birch_log":2,"alexsmobs:animal_dictionary":1},"minecraft:broken":{"minecraft:stone_pickaxe":1,"minecraft:stone_axe":1,"minecraft:iron_sword":1,"minecraft:iron_pickaxe":1},"minecraft:picked_up":{"minecraft:azure_bluet":2,"born_in_chaos_v1:diamond_termite_shard":3,"ars_nouveau:caster_tome":2,"minecraft:birch_door":1,"minecraft:crafting_table":7,"minecraft:wheat":4,"minecraft:allium":1,"iceandfire:witherbone":2,"born_in_chaos_v1:seedof_chaos":1,"minecraft:diamond_sword":3,"minecraft:wooden_pickaxe":1,"soulsweapons:moonstone":2,"minecraft:enchanted_book":1,"minecraft:potion":1,"minecraft:stone_brick_stairs":2,"minecraft:chain":2,"minecraft:string":20,"minecraft:raw_copper":5,"born_in_chaos_v1:intoxicating_decoction":1,"minecraft:pufferfish":1,"graveyard:corruption":3,"minecraft:cracked_stone_bricks":2,"minecraft:bucket":1,"minecraft:spruce_planks":1,"minecraft:beef":12,"iceandfire:armor_silver_metal_leggings":1,"minecraft:poppy":2,"minecraft:spruce_slab":5,"minecraft:birch_sapling":12,"minecraft:furnace":4,"minecraft:tipped_arrow":1,"minecraft:raw_iron":65,"minecraft:stick":6,"minecraft:torch":40,"minecraft:spruce_stairs":2,"iceandfire:silver_ore":3,"epicfight:skillbook":2,"minecraft:porkchop":3,"tombstone:grave_dust":8,"minecraft:diorite":1,"minecraft:carrot":2,"minecraft:black_dye":1,"minecraft:tnt":2,"minecraft:quartz_block":2,"minecraft:arrow":7,"minecraft:rotten_flesh":24,"minecraft:nether_bricks":1,"born_in_chaos_v1:spiny_shell":2,"minecraft:totem_of_undying":5,"minecraft:mutton":2,"epicfight:stray_robe":1,"alexsmobs:lobster_tail":2,"minecraft:iron_bars":11,"minecraft:skeleton_skull":1,"minecraft:white_wool":13,"minecraft:cobblestone":106,"minecraft:oxeye_daisy":1,"minecraft:birch_log":45,"born_in_chaos_v1:corpse_maggot":11,"born_in_chaos_v1:monster_flesh":3,"minecraft:golden_carrot":1,"minecraft:glow_ink_sac":1,"minecraft:leather":2,"minecraft:golden_leggings":2,"minecraft:birch_planks":8,"paraglider:spirit_orb":24,"minecraft:oak_log":8,"minecraft:gunpowder":2,"minecraft:lapis_lazuli":44,"minecraft:dirt":106,"tombstone:gift":1,"born_in_chaos_v1:monster_skin":2,"minecraft:leather_boots":1,"minecraft:red_carpet":1,"minecraft:bone":81,"minecraft:gray_carpet":5,"minecraft:bow":1,"minecraft:wheat_seeds":51,"alexsmobs:cockroach_wing_fragment":1,"minecraft:iron_ingot":1,"minecraft:mossy_stone_bricks":9,"minecraft:diamond_helmet":1,"minecraft:glass_bottle":1,"minecraft:oak_planks":42,"minecraft:gray_bed":1,"minecraft:iron_sword":1,"iceandfire:fire_dragon_flesh":1,"minecraft:book":237,"minecraft:warped_fungus":1,"minecraft:cooked_porkchop":1,"minecraft:music_disc_13":1,"born_in_chaos_v1:ethereal_spirit":2,"minecraft:dripstone_block":1,"minecraft:stripped_spruce_log":17,"minecraft:spruce_sapling":3,"minecraft:spider_eye":4,"minecraft:mossy_cobblestone":9,"useless_sword:vex_ectoplasm":4,"tombstone:familiar_stone":1,"minecraft:chainmail_leggings":1,"minecraft:emerald":10,"alexsmobs:maggot":4,"iceandfire:gorgon_head":1,"tombstone:magic_scroll":1,"minecraft:light_gray_carpet":5,"minecraft:dark_oak_wood":8,"minecraft:coal":160}},"DataVersion":2975}