{"stats":{"minecraft:used":{"born_in_chaos_v1:ethereal_spirit":11,"minecraft:chest":1,"minecraft:shield":1,"minecraft:iron_sword":255,"minecraft:rotten_flesh":4,"minecraft:oak_door":3,"minecraft:torch":41,"minecraft:dirt":20,"minecraft:nether_bricks":1,"minecraft:carrot":2,"minecraft:birch_door":9,"minecraft:wooden_axe":23,"minecraft:dark_oak_wood":2,"minecraft:totem_of_undying":4,"minecraft:red_carpet":1,"minecraft:bow":1,"minecraft:golden_carrot":4,"minecraft:furnace":6,"minecraft:gray_bed":1,"tombstone:gift":8,"minecraft:cooked_beef":3,"minecraft:water_bucket":21,"minecraft:birch_planks":23,"minecraft:baked_potato":4,"minecraft:stone_pickaxe":135,"minecraft:wooden_pickaxe":9,"minecraft:golden_apple":7,"minecraft:crafting_table":9,"minecraft:apple":6,"minecraft:diamond_shovel":1,"born_in_chaos_v1:monster_flesh":2,"minecraft:iron_pickaxe":150,"minecraft:stone_axe":129,"minecraft:diamond_sword":157,"minecraft:wooden_sword":22,"minecraft:potion":4,"minecraft:porkchop":3,"minecraft:cooked_porkchop":2,"minecraft:bucket":22,"minecraft:birch_log":2,"alexsmobs:animal_dictionary":1},"minecraft:custom":{"minecraft:mob_kills":93,"minecraft:interact_with_crafting_table":26,"minecraft:open_barrel":9,"minecraft:damage_dealt_resisted":1466,"minecraft:leave_game":6,"minecraft:time_since_death":10507,"minecraft:climb_one_cm":2823,"minecraft:sprint_one_cm":763295,"minecraft:walk_one_cm":1216565,"minecraft:damage_blocked_by_shield":60,"minecraft:drop":93,"minecraft:damage_dealt_absorbed":44,"minecraft:play_time":147434,"minecraft:sneak_time":16035,"minecraft:deaths":12,"minecraft:walk_under_water_one_cm":14397,"minecraft:jump":2210,"minecraft:walk_on_water_one_cm":23304,"minecraft:total_world_time":147434,"minecraft:interact_with_furnace":41,"tombstone:raider_killed":16,"minecraft:sleep_in_bed":2,"minecraft:time_since_rest":10532,"minecraft:damage_taken":5806,"minecraft:damage_absorbed":418,"tombstone:sneak_grave":2,"minecraft:damage_dealt":17966,"minecraft:player_kills":10,"minecraft:swim_one_cm":1216,"minecraft:fly_one_cm":602041,"minecraft:open_chest":120,"minecraft:crouch_one_cm":99079,"tombstone:undead_killed":30,"minecraft:fall_one_cm":38429},"minecraft:crafted":{"minecraft:wooden_sword":1,"minecraft:oak_door":3,"minecraft:furnace":3,"minecraft:stone_pickaxe":2,"minecraft:birch_door":9,"minecraft:chest":1,"minecraft:cooked_beef":3,"minecraft:cooked_porkchop":1,"minecraft:crafting_table":4,"minecraft:wooden_pickaxe":1,"minecraft:iron_sword":1,"minecraft:birch_planks":128,"minecraft:stone_axe":1,"minecraft:air":0,"minecraft:golden_apple":5,"minecraft:stick":24,"minecraft:iron_ingot":26,"minecraft:iron_pickaxe":1,"minecraft:wooden_axe":1,"minecraft:torch":56},"minecraft:mined":{"minecraft:blue_carpet":1,"minecraft:red_carpet":1,"iceandfire:silver_ore":3,"minecraft:mossy_cobblestone":13,"born_in_chaos_v1:infected_diamond_ore":1,"minecraft:nether_bricks":1,"minecraft:grass_block":8,"minecraft:weeping_vines":1,"minecraft:spawner":10,"minecraft:large_fern":2,"minecraft:weeping_vines_plant":4,"minecraft:furnace":4,"minecraft:iron_ore":31,"treechop:chopped_log":3,"minecraft:deepslate_lapis_ore":1,"minecraft:mossy_stone_brick_stairs":1,"minecraft:bookshelf":76,"minecraft:deepslate_iron_ore":1,"minecraft:vine":6,"minecraft:iron_bars":7,"minecraft:stone":101,"minecraft:white_wool":7,"minecraft:glass_pane":8,"minecraft:quartz_block":1,"minecraft:crafting_table":6,"soulsweapons:moonstone_ore":2,"minecraft:torch":3,"minecraft:dark_oak_wood":7,"minecraft:tall_grass":1,"minecraft:lapis_ore":5,"minecraft:oak_planks":29,"minecraft:wall_torch":10,"minecraft:skeleton_skull":1,"minecraft:birch_planks":6,"minecraft:birch_log":8,"minecraft:lilac":1,"minecraft:gray_bed":1,"minecraft:white_carpet":1,"minecraft:birch_leaves":5,"minecraft:tnt":1,"minecraft:stone_brick_stairs":1,"minecraft:grass":2,"minecraft:oak_log":7,"minecraft:coal_ore":82,"minecraft:dripstone_block":1,"minecraft:dirt":15,"minecraft:cobweb":5,"minecraft:cracked_stone_bricks":3,"minecraft:netherrack":1,"minecraft:mossy_stone_bricks":10},"minecraft:broken":{"minecraft:stone_pickaxe":1,"minecraft:stone_axe":1,"minecraft:iron_sword":1},"minecraft:killed_by":{"minecraft:player":4,"born_in_chaos_v1:corpse_fly":1,"minecraft:vindicator":2,"minecraft:zombie":1,"minecraft:vex":4},"minecraft:picked_up":{"minecraft:birch_door":1,"ars_nouveau:caster_tome":2,"minecraft:crafting_table":7,"born_in_chaos_v1:diamond_termite_shard":3,"minecraft:wheat":2,"iceandfire:witherbone":2,"born_in_chaos_v1:seedof_chaos":1,"minecraft:diamond_sword":3,"minecraft:wooden_pickaxe":1,"soulsweapons:moonstone":2,"minecraft:potion":1,"minecraft:enchanted_book":1,"minecraft:stone_brick_stairs":2,"minecraft:string":16,"minecraft:raw_copper":5,"graveyard:corruption":3,"minecraft:cracked_stone_bricks":2,"minecraft:bucket":1,"minecraft:spruce_planks":1,"minecraft:beef":3,"minecraft:spruce_slab":5,"minecraft:birch_sapling":12,"minecraft:furnace":3,"minecraft:tipped_arrow":1,"minecraft:stick":6,"minecraft:raw_iron":32,"minecraft:torch":19,"minecraft:spruce_stairs":2,"iceandfire:silver_ore":3,"epicfight:skillbook":2,"minecraft:porkchop":3,"tombstone:grave_dust":4,"minecraft:carrot":2,"minecraft:black_dye":1,"minecraft:tnt":2,"minecraft:quartz_block":2,"minecraft:arrow":5,"minecraft:rotten_flesh":11,"minecraft:nether_bricks":1,"minecraft:totem_of_undying":5,"epicfight:stray_robe":1,"minecraft:iron_bars":11,"minecraft:skeleton_skull":1,"minecraft:white_wool":7,"minecraft:cobblestone":90,"minecraft:birch_log":45,"born_in_chaos_v1:corpse_maggot":7,"born_in_chaos_v1:monster_flesh":2,"minecraft:glow_ink_sac":1,"minecraft:leather":2,"minecraft:golden_leggings":2,"minecraft:birch_planks":8,"paraglider:spirit_orb":24,"minecraft:oak_log":8,"minecraft:gunpowder":2,"minecraft:lapis_lazuli":44,"minecraft:dirt":100,"tombstone:gift":1,"minecraft:leather_boots":1,"minecraft:red_carpet":1,"minecraft:bone":68,"minecraft:gray_carpet":5,"minecraft:bow":1,"minecraft:wheat_seeds":46,"alexsmobs:cockroach_wing_fragment":1,"minecraft:mossy_stone_bricks":9,"minecraft:diamond_helmet":1,"minecraft:glass_bottle":1,"minecraft:gray_bed":1,"minecraft:iron_sword":1,"minecraft:oak_planks":42,"minecraft:book":237,"minecraft:warped_fungus":1,"minecraft:music_disc_13":1,"minecraft:cooked_porkchop":1,"born_in_chaos_v1:ethereal_spirit":1,"minecraft:dripstone_block":1,"minecraft:stripped_spruce_log":17,"minecraft:spider_eye":4,"minecraft:mossy_cobblestone":9,"useless_sword:vex_ectoplasm":4,"minecraft:chainmail_leggings":1,"minecraft:emerald":10,"alexsmobs:maggot":2,"tombstone:magic_scroll":1,"minecraft:light_gray_carpet":5,"minecraft:dark_oak_wood":8,"minecraft:coal":98},"minecraft:dropped":{"minecraft:iron_sword":1,"minecraft:warped_fungus":1,"minecraft:golden_helmet":1,"minecraft:oak_log":8,"minecraft:mossy_cobblestone":9,"minecraft:glass_bottle":2,"minecraft:leather":2,"minecraft:cracked_stone_bricks":2,"minecraft:coal":5,"minecraft:dirt":40,"minecraft:golden_carrot":1,"minecraft:wooden_axe":1,"minecraft:potion":1,"minecraft:wooden_sword":1,"minecraft:string":9,"minecraft:birch_log":1,"epicfight:stray_robe":1,"minecraft:gray_carpet":5,"ars_nouveau:caster_tome":2,"minecraft:bone":3,"alexsmobs:maggot":2,"minecraft:raw_copper":5,"minecraft:birch_sapling":12,"minecraft:rotten_flesh":8,"iceandfire:silver_ore":3,"minecraft:oak_planks":10,"minecraft:diamond_sword":2,"minecraft:shield":1,"minecraft:gunpowder":2,"alexsmobs:cockroach_wing_fragment":1,"minecraft:mossy_stone_bricks":9,"minecraft:quartz_block":2,"born_in_chaos_v1:diamond_termite_shard":1,"minecraft:golden_leggings":3,"minecraft:spider_eye":4,"minecraft:iron_bars":1,"minecraft:arrow":1,"minecraft:wooden_pickaxe":2,"minecraft:stone_brick_stairs":2},"minecraft:killed":{"minecraft:evoker":4,"minecraft:vex":1,"minecraft:cave_spider":7,"minecraft:spider":4,"minecraft:vindicator":12,"born_in_chaos_v1:baby_skeleton_minion":2,"born_in_chaos_v1:maggot":4,"minecraft:skeleton":6,"realmrpg_demons:chort":1,"ars_nouveau:summon_wolf":4,"born_in_chaos_v1:bonescaller":1,"minecraft:pig":2,"graveyard:ghoul":1,"minecraft:zombie_villager":1,"born_in_chaos_v1:diamond_termite":1,"born_in_chaos_v1:baby_skeleton":2,"born_in_chaos_v1:wither_scuttler":1,"minecraft:creeper":2,"minecraft:zombie":11,"alexsmobs:cockroach":1,"ars_nouveau:wilden_stalker":1,"born_in_chaos_v1:dread_hound":2,"born_in_chaos_v1:corpse_fly":8,"minecraft:stray":3,"born_in_chaos_v1:dark_vortex":1,"born_in_chaos_v1:nightmare_stalker":1,"alexsmobs:fly":2,"ars_nouveau:wilden_hunter":2,"born_in_chaos_v1:door_knight":1,"minecraft:wither_skeleton":2,"minecraft:cow":1}},"DataVersion":2975}