{"stats":{"minecraft:picked_up":{"ars_nouveau:caster_tome":2,"minecraft:birch_door":1,"minecraft:wheat":5,"minecraft:anvil":1,"minecraft:flower_pot":2,"minecraft:diamond_sword":3,"born_in_chaos_v1:black_argillite_brick_wall":1,"soulsweapons:moonstone":2,"minecraft:potion":2,"minecraft:enchanted_book":2,"minecraft:stone_brick_stairs":2,"tombstone:grave_key":3,"minecraft:string":28,"minecraft:raw_copper":5,"minecraft:iron_leggings":1,"minecraft:pufferfish":1,"minecraft:cobbled_deepslate":5,"minecraft:bucket":1,"minecraft:spruce_planks":1,"minecraft:redstone_torch":2,"minecraft:iron_pickaxe":1,"minecraft:furnace":4,"minecraft:tipped_arrow":5,"minecraft:stick":8,"born_in_chaos_v1:shattered_skull":4,"minecraft:torch":101,"born_in_chaos_v1:pileof_dark_metal":1,"minecraft:spruce_stairs":2,"iceandfire:silver_ore":3,"epicfight:skillbook":15,"minecraft:porkchop":3,"tombstone:grave_dust":24,"minecraft:diorite":1,"minecraft:black_dye":1,"minecraft:quartz_block":2,"minecraft:rotten_flesh":47,"epicfight:stray_robe":1,"minecraft:iron_bars":20,"minecraft:snowball":16,"alexsmobs:lobster_tail":2,"minecraft:cobblestone":132,"minecraft:birch_log":59,"epicfight:stone_spear":1,"minecraft:leather_chestplate":1,"ars_nouveau:source_berry":48,"minecraft:golden_leggings":2,"paraglider:spirit_orb":60,"minecraft:lapis_lazuli":44,"minecraft:dirt":195,"born_in_chaos_v1:marigolds":1,"born_in_chaos_v1:monster_skin":2,"minecraft:leather_boots":1,"minecraft:bone":179,"minecraft:bow":5,"minecraft:wheat_seeds":60,"minecraft:raw_gold":8,"minecraft:mossy_stone_bricks":13,"minecraft:diamond_helmet":1,"minecraft:oak_planks":42,"minecraft:music_disc_13":1,"minecraft:cooked_porkchop":1,"minecraft:stripped_spruce_log":17,"minecraft:dark_oak_log":13,"iceandfire:frozen_dirt":3,"minecraft:mossy_cobblestone":9,"minecraft:bundle":1,"minecraft:blue_terracotta":1,"tombstone:familiar_stone":2,"minecraft:diamond":8,"minecraft:emerald":25,"iceandfire:gorgon_head":1,"alexsmobs:maggot":4,"minecraft:oak_sapling":1,"born_in_chaos_v1:rotten_fish":1,"minecraft:light_gray_carpet":8,"minecraft:crafting_table":7,"born_in_chaos_v1:diamond_termite_shard":3,"minecraft:allium":1,"minecraft:azure_bluet":2,"iceandfire:witherbone":2,"born_in_chaos_v1:seedof_chaos":7,"minecraft:brown_mushroom":1,"minecraft:wooden_pickaxe":1,"minecraft:chain":3,"epicfight:stray_hat":1,"minecraft:white_carpet":18,"born_in_chaos_v1:intoxicating_decoction":1,"iceandfire:graveyard_soil":1,"graveyard:corruption":4,"minecraft:cracked_stone_bricks":2,"minecraft:beef":12,"iceandfire:armor_silver_metal_leggings":1,"minecraft:poppy":8,"minecraft:light_gray_wool":2,"minecraft:spruce_slab":5,"minecraft:birch_sapling":12,"minecraft:raw_iron":67,"wom:golden_kit":1,"born_in_chaos_v1:pieceofdarkmetal":1,"minecraft:carrot":2,"minecraft:tnt":15,"minecraft:weeping_vines":1,"minecraft:arrow":76,"blue_skies:scalefruit_seeds":5,"minecraft:nether_bricks":1,"minecraft:hay_block":6,"minecraft:totem_of_undying":5,"born_in_chaos_v1:spiny_shell":2,"tombstone:essence_of_undeath":1,"sophisticatedbackpacks:copper_backpack":1,"minecraft:mutton":14,"minecraft:skeleton_skull":2,"minecraft:white_wool":20,"minecraft:oxeye_daisy":1,"born_in_chaos_v1:corpse_maggot":25,"minecraft:clock":1,"minecraft:golden_carrot":1,"born_in_chaos_v1:monster_flesh":3,"minecraft:glow_ink_sac":1,"minecraft:tripwire_hook":6,"useless_sword:wither_bone":1,"minecraft:leather":9,"minecraft:red_mushroom":1,"minecraft:birch_planks":10,"minecraft:crimson_fungus":2,"minecraft:oak_log":10,"minecraft:chainmail_chestplate":1,"iceandfire:ectoplasm":2,"minecraft:golden_boots":3,"minecraft:gunpowder":2,"tombstone:gift":1,"minecraft:red_carpet":1,"minecraft:stone_bricks":8,"minecraft:gray_carpet":5,"alexsmobs:cockroach_wing_fragment":1,"minecraft:iron_ingot":6,"tombstone:bag_of_seeds":1,"minecraft:glass_bottle":1,"minecraft:gray_bed":1,"minecraft:iron_sword":1,"iceandfire:fire_dragon_flesh":1,"minecraft:book":237,"minecraft:polished_andesite_stairs":3,"minecraft:warped_fungus":1,"epicfight:stone_greatsword":2,"born_in_chaos_v1:orbofthe_summoner":1,"born_in_chaos_v1:ethereal_spirit":4,"minecraft:dripstone_block":1,"minecraft:spruce_sapling":3,"epicfight:uchigatana":1,"minecraft:spruce_log":1,"minecraft:spider_eye":9,"minecraft:diamond_shovel":1,"useless_sword:vex_ectoplasm":4,"minecraft:stone_axe":2,"minecraft:chainmail_leggings":1,"tombstone:magic_scroll":2,"minecraft:dark_oak_wood":8,"minecraft:coal":179,"ars_nouveau:magebloom_crop":2},"minecraft:dropped":{"minecraft:iron_sword":2,"minecraft:warped_fungus":1,"minecraft:oak_log":8,"minecraft:glass_bottle":5,"minecraft:weeping_vines":2,"iceandfire:frozen_dirt":1,"minecraft:leather":2,"iceandfire:ectoplasm":1,"minecraft:cracked_stone_bricks":2,"minecraft:dirt":40,"born_in_chaos_v1:monster_skin":1,"minecraft:chain":3,"minecraft:wooden_sword":1,"minecraft:iron_pickaxe":1,"minecraft:birch_log":1,"minecraft:white_wool":3,"epicfight:stray_robe":1,"minecraft:bone":28,"minecraft:gravel":1,"minecraft:cobbled_deepslate":5,"minecraft:birch_sapling":12,"minecraft:wheat":2,"born_in_chaos_v1:ethereal_spirit":11,"blue_skies:scalefruit_seeds":5,"minecraft:rotten_flesh":8,"minecraft:oak_planks":10,"minecraft:azure_bluet":2,"minecraft:poppy":10,"minecraft:tipped_arrow":2,"born_in_chaos_v1:seedof_chaos":10,"minecraft:gunpowder":2,"minecraft:skeleton_skull":1,"minecraft:quartz_block":2,"born_in_chaos_v1:corpse_maggot":1,"born_in_chaos_v1:diamond_termite_shard":1,"minecraft:iron_bars":1,"minecraft:arrow":28,"born_in_chaos_v1:marigolds":1,"minecraft:stone_brick_stairs":2,"minecraft:golden_boots":1,"minecraft:bread":6,"born_in_chaos_v1:shattered_skull":1,"minecraft:wheat_seeds":2,"minecraft:golden_helmet":1,"minecraft:mossy_cobblestone":9,"epicfight:stone_spear":1,"minecraft:coal":12,"minecraft:stick":2,"minecraft:golden_carrot":1,"minecraft:torch":18,"tombstone:grave_key":3,"minecraft:wooden_axe":1,"tombstone:grave_dust":1,"minecraft:potion":1,"minecraft:iron_leggings":1,"minecraft:polished_andesite_stairs":1,"minecraft:string":10,"minecraft:tripwire_hook":2,"minecraft:gray_carpet":5,"minecraft:spruce_sapling":2,"ars_nouveau:caster_tome":2,"alexsmobs:maggot":2,"ars_nouveau:magebloom_crop":2,"ars_nouveau:source_berry":1,"minecraft:raw_copper":5,"minecraft:white_carpet":9,"minecraft:iron_boots":1,"iceandfire:silver_ore":3,"minecraft:diamond_sword":2,"minecraft:shield":1,"minecraft:allium":1,"alexsmobs:cockroach_wing_fragment":1,"minecraft:mossy_stone_bricks":11,"minecraft:golden_leggings":3,"minecraft:redstone_torch":2,"minecraft:stone_bricks":3,"minecraft:spider_eye":4,"minecraft:spruce_log":1,"minecraft:bow":1,"minecraft:wooden_pickaxe":2,"minecraft:raw_gold":4,"epicfight:skillbook":1},"minecraft:mined":{"minecraft:blue_carpet":1,"minecraft:potted_crimson_fungus":1,"minecraft:grass_block":11,"ars_nouveau:sourceberry_bush":10,"minecraft:oxeye_daisy":1,"minecraft:spawner":33,"minecraft:weeping_vines_plant":5,"minecraft:iron_ore":64,"minecraft:fire":10,"minecraft:anvil":1,"minecraft:deepslate_lapis_ore":1,"minecraft:azure_bluet":1,"minecraft:iron_bars":20,"minecraft:tripwire":6,"minecraft:quartz_block":1,"minecraft:powder_snow":57,"iceandfire:dragon_ice_spikes":2,"soulsweapons:moonstone_ore":2,"minecraft:torch":14,"minecraft:dark_oak_wood":7,"minecraft:dead_bush":1,"minecraft:cobblestone":2,"minecraft:oak_planks":29,"minecraft:wall_torch":18,"minecraft:skeleton_skull":1,"minecraft:blue_terracotta":1,"minecraft:birch_log":8,"minecraft:lilac":1,"minecraft:tnt":10,"minecraft:stone_brick_stairs":1,"minecraft:grass":31,"minecraft:oak_log":7,"minecraft:dirt":24,"minecraft:tripwire_hook":4,"minecraft:netherrack":1,"minecraft:oak_leaves":1,"minecraft:deepslate":97,"minecraft:red_carpet":1,"minecraft:deepslate_diamond_ore":8,"iceandfire:silver_ore":3,"minecraft:mossy_cobblestone":13,"minecraft:dark_oak_leaves":4,"born_in_chaos_v1:infected_diamond_ore":1,"minecraft:nether_bricks":1,"born_in_chaos_v1:black_argillite_brick_wall":1,"minecraft:weeping_vines":1,"minecraft:redstone_wire":1,"minecraft:spruce_leaves":16,"minecraft:large_fern":12,"minecraft:hay_block":6,"minecraft:furnace":5,"treechop:chopped_log":3,"minecraft:mossy_stone_brick_stairs":1,"minecraft:bookshelf":76,"minecraft:deepslate_iron_ore":3,"minecraft:vine":10,"minecraft:packed_ice":20,"minecraft:stone":121,"minecraft:white_wool":7,"minecraft:podzol":4,"minecraft:glass_pane":9,"minecraft:crafting_table":6,"minecraft:emerald_ore":2,"minecraft:rose_bush":1,"minecraft:tall_grass":11,"minecraft:deepslate_gold_ore":4,"minecraft:lapis_ore":5,"minecraft:birch_planks":8,"minecraft:ice":2,"minecraft:gray_bed":1,"minecraft:white_carpet":1,"minecraft:birch_leaves":5,"minecraft:coal_ore":142,"minecraft:dripstone_block":1,"graveyard:leaning_skeleton":1,"minecraft:cobweb":6,"minecraft:cracked_stone_bricks":6,"minecraft:stone_bricks":10,"minecraft:mossy_stone_bricks":11,"minecraft:fern":15},"minecraft:custom":{"minecraft:interact_with_crafting_table":39,"minecraft:open_barrel":18,"minecraft:eat_cake_slice":9,"minecraft:leave_game":12,"minecraft:time_since_death":741,"minecraft:sprint_one_cm":1755538,"minecraft:damage_blocked_by_shield":60,"minecraft:drop":207,"minecraft:talked_to_villager":1,"minecraft:play_time":390728,"minecraft:deaths":61,"minecraft:jump":7783,"minecraft:interact_with_brewingstand":1,"minecraft:walk_on_water_one_cm":88329,"minecraft:interact_with_furnace":58,"minecraft:sleep_in_bed":3,"tombstone:sneak_grave":2,"minecraft:damage_dealt":62166,"minecraft:player_kills":22,"minecraft:crouch_one_cm":169823,"tombstone:undead_killed":154,"minecraft:mob_kills":313,"minecraft:damage_dealt_resisted":7317,"minecraft:climb_one_cm":12945,"minecraft:walk_one_cm":2826638,"minecraft:damage_dealt_absorbed":879,"minecraft:sneak_time":29329,"minecraft:walk_under_water_one_cm":43587,"minecraft:total_world_time":390728,"tombstone:raider_killed":17,"minecraft:time_since_rest":767,"minecraft:damage_taken":24646,"minecraft:damage_absorbed":792,"minecraft:trigger_trapped_chest":7,"minecraft:swim_one_cm":32698,"minecraft:fly_one_cm":2221872,"minecraft:open_chest":243,"minecraft:fall_one_cm":180950},"minecraft:killed":{"born_in_chaos_v1:zombie_clown":2,"alexsmobs:hummingbird":1,"minecraft:cave_spider":9,"alexsmobs:lobster":3,"born_in_chaos_v1:restless_spirit":2,"born_in_chaos_v1:skeleton_demoman":3,"iceandfire:gorgon":1,"minecraft:spider":14,"born_in_chaos_v1:baby_skeleton_minion":2,"minecraft:skeleton":51,"realmrpg_demons:chort":4,"born_in_chaos_v1:skeleton_thrasher":1,"minecraft:silverfish":2,"born_in_chaos_v1:baby_skeleton_2":3,"born_in_chaos_v1:supreme_bonescaller_stage_2":1,"born_in_chaos_v1:bonescaller":1,"minecraft:pig":2,"minecraft:zombie_villager":2,"born_in_chaos_v1:diamond_termite":1,"born_in_chaos_v1:wither_scuttler":3,"alexsmobs:seal":2,"minecraft:creeper":4,"minecraft:sheep":10,"born_in_chaos_v1:zombie_fisherman":1,"minecraft:pillager":1,"minecraft:goat":1,"minecraft:zombie":33,"born_in_chaos_v1:dread_hound":4,"born_in_chaos_v1:corpse_fly":28,"minecraft:stray":13,"alexsmobs:fly":3,"born_in_chaos_v1:door_knight":2,"minecraft:cow":4,"minecraft:vex":1,"minecraft:evoker":4,"graveyard:revenant":1,"alexsmobs:raccoon":1,"minecraft:vindicator":12,"alexsmobs:seagull":1,"born_in_chaos_v1:skeleton_thrasher_not_despawn":1,"born_in_chaos_v1:thornshell_crab":1,"born_in_chaos_v1:zombie_bruiser":1,"born_in_chaos_v1:maggot":8,"ars_nouveau:summon_wolf":9,"born_in_chaos_v1:corpse_fish":2,"born_in_chaos_v1:fallen_chaos_knight":1,"graveyard:ghoul":1,"born_in_chaos_v1:bone_imp_minion":13,"born_in_chaos_v1:baby_skeleton":4,"born_in_chaos_v1:decrepit_skeleton":5,"born_in_chaos_v1:decaying_zombie":1,"alexsmobs:cockroach":1,"ars_nouveau:wilden_stalker":5,"iceandfire:ghost":7,"born_in_chaos_v1:dark_vortex":1,"born_in_chaos_v1:nightmare_stalker":1,"iceandfire:ice_dragon":1,"alexsmobs:crow":1,"ars_nouveau:wilden_hunter":6,"minecraft:wither_skeleton":3},"minecraft:killed_by":{"born_in_chaos_v1:nightmare_stalker":1,"iceandfire:cyclops":3,"minecraft:creeper":1,"born_in_chaos_v1:corpse_fly":1,"blue_skies:gatekeeper":2,"minecraft:vindicator":2,"ars_nouveau:wilden_hunter":1,"iceandfire:ice_dragon":1,"born_in_chaos_v1:supreme_bonescaller_not_despawn":2,"minecraft:zombie":1,"born_in_chaos_v1:supreme_bonescaller_stage_2":4,"born_in_chaos_v1:bonescaller_not_despawn":1,"iceandfire:fire_dragon":3,"minecraft:vex":5,"minecraft:player":16,"minecraft:stray":7,"minecraft:skeleton":6,"iceandfire:ghost":3},"minecraft:crafted":{"minecraft:iron_boots":1,"minecraft:chest":1,"minecraft:birch_door":9,"minecraft:cooked_porkchop":1,"minecraft:crafting_table":7,"minecraft:iron_helmet":1,"minecraft:wooden_pickaxe":1,"minecraft:birch_planks":184,"minecraft:stick":32,"minecraft:iron_ingot":26,"minecraft:iron_pickaxe":3,"minecraft:wooden_sword":1,"minecraft:oak_door":3,"minecraft:furnace":4,"minecraft:stone_pickaxe":2,"minecraft:wheat":54,"minecraft:cooked_beef":12,"minecraft:iron_sword":2,"minecraft:bucket":1,"minecraft:stone_axe":1,"minecraft:bread":18,"minecraft:air":0,"minecraft:golden_apple":9,"minecraft:wooden_axe":1,"minecraft:iron_leggings":1,"minecraft:torch":56},"minecraft:used":{"born_in_chaos_v1:intoxicating_decoction":1,"minecraft:chest":1,"minecraft:shield":1,"minecraft:iron_sword":433,"minecraft:rotten_flesh":15,"minecraft:mutton":7,"minecraft:nether_bricks":1,"minecraft:carrot":10,"born_in_chaos_v1:smoked_flesh":3,"alexsmobs:lobster_tail":2,"minecraft:polished_andesite_stairs":1,"minecraft:iron_helmet":1,"minecraft:dark_oak_wood":2,"minecraft:stone_bricks":2,"ars_nouveau:source_berry":55,"minecraft:red_carpet":1,"minecraft:bow":33,"minecraft:furnace":7,"minecraft:gray_bed":1,"minecraft:potato":3,"epicfight:skillbook":5,"minecraft:diorite":1,"minecraft:stone_pickaxe":135,"minecraft:wooden_pickaxe":9,"iceandfire:frozen_dirt":2,"minecraft:golden_apple":16,"born_in_chaos_v1:monster_flesh":2,"minecraft:bread":19,"minecraft:diamond_sword":665,"minecraft:wooden_sword":22,"tombstone:familiar_stone":10,"minecraft:birch_log":2,"born_in_chaos_v1:ethereal_spirit":11,"minecraft:oak_door":3,"minecraft:torch":111,"minecraft:dirt":67,"minecraft:birch_door":9,"minecraft:wooden_axe":23,"minecraft:totem_of_undying":5,"epicfight:stone_greatsword":13,"minecraft:golden_carrot":5,"tombstone:gift":12,"minecraft:cooked_beef":15,"minecraft:powder_snow_bucket":6,"minecraft:iron_leggings":1,"minecraft:water_bucket":92,"iceandfire:fire_dragon_flesh":1,"minecraft:snow_block":4,"minecraft:birch_planks":30,"minecraft:baked_potato":15,"minecraft:tnt":1,"minecraft:crafting_table":12,"epicfight:stone_spear":9,"tombstone:bag_of_seeds":2,"minecraft:apple":8,"minecraft:diamond_shovel":1,"minecraft:iron_pickaxe":487,"wom:golden_kit":2,"tombstone:magic_scroll":1,"minecraft:stone_axe":165,"minecraft:potion":7,"minecraft:cobblestone":13,"minecraft:porkchop":3,"minecraft:cooked_porkchop":2,"minecraft:bucket":99,"alexsmobs:animal_dictionary":1,"minecraft:splash_potion":1,"epicfight:uchigatana":191},"minecraft:broken":{"minecraft:golden_boots":1,"minecraft:iron_chestplate":1,"minecraft:stone_pickaxe":1,"minecraft:stone_axe":2,"minecraft:iron_sword":1,"iceandfire:armor_silver_metal_leggings":1,"minecraft:chainmail_helmet":1,"minecraft:iron_pickaxe":1,"epicfight:stray_hat":1}},"DataVersion":2975}