{"stats":{"minecraft:killed_by":{"minecraft:player":3,"born_in_chaos_v1:corpse_fly":1,"minecraft:vindicator":2,"minecraft:zombie":1,"minecraft:vex":4},"minecraft:custom":{"minecraft:mob_kills":62,"minecraft:interact_with_crafting_table":15,"minecraft:open_barrel":1,"minecraft:damage_dealt_resisted":1105,"minecraft:leave_game":2,"minecraft:time_since_death":1966,"minecraft:climb_one_cm":1447,"minecraft:sprint_one_cm":501000,"minecraft:walk_one_cm":580197,"minecraft:damage_blocked_by_shield":60,"minecraft:drop":32,"minecraft:damage_dealt_absorbed":44,"minecraft:play_time":89817,"minecraft:deaths":11,"minecraft:sneak_time":11706,"minecraft:walk_under_water_one_cm":9598,"minecraft:jump":1385,"minecraft:walk_on_water_one_cm":13359,"minecraft:total_world_time":89817,"minecraft:interact_with_furnace":33,"tombstone:raider_killed":15,"minecraft:time_since_rest":1988,"minecraft:damage_taken":3847,"minecraft:damage_absorbed":80,"tombstone:sneak_grave":2,"minecraft:damage_dealt":11227,"minecraft:swim_one_cm":264,"minecraft:fly_one_cm":412824,"minecraft:player_kills":5,"minecraft:open_chest":55,"minecraft:crouch_one_cm":72698,"tombstone:undead_killed":16,"minecraft:fall_one_cm":22338},"minecraft:broken":{"minecraft:stone_pickaxe":1,"minecraft:stone_axe":1},"minecraft:used":{"born_in_chaos_v1:ethereal_spirit":11,"minecraft:shield":1,"minecraft:iron_sword":242,"minecraft:rotten_flesh":4,"minecraft:torch":13,"minecraft:dirt":20,"minecraft:carrot":2,"minecraft:wooden_axe":23,"minecraft:totem_of_undying":1,"minecraft:furnace":3,"tombstone:gift":8,"minecraft:cooked_beef":3,"minecraft:water_bucket":11,"minecraft:birch_planks":23,"minecraft:baked_potato":4,"minecraft:stone_pickaxe":135,"minecraft:wooden_pickaxe":9,"minecraft:crafting_table":6,"minecraft:apple":4,"born_in_chaos_v1:monster_flesh":2,"minecraft:iron_pickaxe":11,"minecraft:stone_axe":129,"minecraft:wooden_sword":22,"minecraft:potion":1,"minecraft:cooked_porkchop":2,"minecraft:birch_log":2,"minecraft:bucket":12,"alexsmobs:animal_dictionary":1},"minecraft:mined":{"minecraft:blue_carpet":1,"minecraft:mossy_cobblestone":2,"minecraft:grass_block":8,"minecraft:furnace":2,"minecraft:iron_ore":5,"treechop:chopped_log":3,"minecraft:bookshelf":76,"minecraft:iron_bars":3,"minecraft:stone":56,"minecraft:white_wool":7,"minecraft:glass_pane":8,"minecraft:crafting_table":4,"minecraft:torch":3,"minecraft:dark_oak_wood":7,"minecraft:oak_planks":29,"minecraft:wall_torch":6,"minecraft:birch_planks":6,"minecraft:birch_log":8,"minecraft:lilac":1,"minecraft:white_carpet":1,"minecraft:birch_leaves":1,"minecraft:tnt":1,"minecraft:grass":1,"minecraft:oak_log":7,"minecraft:coal_ore":82,"minecraft:dirt":11,"minecraft:cracked_stone_bricks":1,"minecraft:mossy_stone_bricks":1},"minecraft:picked_up":{"ars_nouveau:caster_tome":1,"minecraft:crafting_table":4,"born_in_chaos_v1:seedof_chaos":1,"minecraft:wooden_pickaxe":1,"minecraft:potion":1,"minecraft:enchanted_book":1,"minecraft:string":12,"graveyard:corruption":3,"minecraft:bucket":1,"minecraft:beef":3,"minecraft:birch_sapling":12,"minecraft:furnace":1,"minecraft:raw_iron":5,"minecraft:stick":6,"minecraft:torch":15,"epicfight:skillbook":1,"tombstone:grave_dust":4,"minecraft:carrot":2,"minecraft:black_dye":1,"minecraft:tnt":2,"minecraft:arrow":1,"minecraft:rotten_flesh":4,"minecraft:totem_of_undying":4,"minecraft:iron_bars":3,"minecraft:white_wool":7,"minecraft:cobblestone":53,"minecraft:birch_log":35,"born_in_chaos_v1:corpse_maggot":7,"born_in_chaos_v1:monster_flesh":2,"minecraft:leather":2,"minecraft:birch_planks":6,"paraglider:spirit_orb":2,"minecraft:oak_log":8,"minecraft:dirt":68,"tombstone:gift":1,"minecraft:bone":10,"alexsmobs:cockroach_wing_fragment":1,"minecraft:oak_planks":32,"minecraft:iron_sword":1,"minecraft:book":237,"minecraft:cooked_porkchop":1,"born_in_chaos_v1:ethereal_spirit":1,"minecraft:spider_eye":4,"minecraft:mossy_cobblestone":1,"useless_sword:vex_ectoplasm":4,"minecraft:chainmail_leggings":1,"minecraft:emerald":9,"alexsmobs:maggot":2,"tombstone:magic_scroll":1,"minecraft:dark_oak_wood":6,"minecraft:coal":97},"minecraft:dropped":{"minecraft:iron_sword":1,"minecraft:oak_log":8,"minecraft:mossy_cobblestone":1,"minecraft:glass_bottle":1,"minecraft:leather":2,"minecraft:coal":5,"minecraft:dirt":40,"minecraft:wooden_axe":1,"minecraft:potion":1,"minecraft:wooden_sword":1,"minecraft:string":8,"minecraft:birch_log":1,"ars_nouveau:caster_tome":1,"alexsmobs:maggot":2,"minecraft:birch_sapling":12,"alexsmobs:cockroach_wing_fragment":1,"minecraft:golden_leggings":1,"minecraft:spider_eye":4,"minecraft:iron_bars":1,"minecraft:arrow":1,"minecraft:wooden_pickaxe":2},"minecraft:crafted":{"minecraft:wooden_sword":1,"minecraft:furnace":2,"minecraft:stone_pickaxe":2,"minecraft:cooked_beef":3,"minecraft:cooked_porkchop":1,"minecraft:crafting_table":2,"minecraft:wooden_pickaxe":1,"minecraft:iron_sword":1,"minecraft:birch_planks":128,"minecraft:stone_axe":1,"minecraft:air":0,"minecraft:stick":16,"minecraft:iron_pickaxe":1,"minecraft:iron_ingot":5,"minecraft:wooden_axe":1,"minecraft:torch":24},"minecraft:killed":{"minecraft:evoker":4,"minecraft:vex":1,"minecraft:cave_spider":7,"minecraft:vindicator":11,"minecraft:spider":3,"born_in_chaos_v1:maggot":4,"minecraft:skeleton":5,"graveyard:ghoul":1,"minecraft:zombie_villager":1,"born_in_chaos_v1:baby_skeleton":2,"minecraft:zombie":6,"alexsmobs:cockroach":1,"born_in_chaos_v1:dread_hound":2,"born_in_chaos_v1:corpse_fly":8,"born_in_chaos_v1:dark_vortex":1,"alexsmobs:fly":1,"born_in_chaos_v1:door_knight":1,"minecraft:cow":1}},"DataVersion":2975}