{"stats":{"minecraft:killed":{"minecraft:evoker":2,"minecraft:vex":1,"minecraft:zombie_villager":1,"born_in_chaos_v1:baby_skeleton":2,"minecraft:vindicator":2,"minecraft:spider":3,"born_in_chaos_v1:maggot":3,"minecraft:skeleton":2,"minecraft:zombie":4,"born_in_chaos_v1:dread_hound":2,"born_in_chaos_v1:corpse_fly":7,"born_in_chaos_v1:dark_vortex":1,"alexsmobs:fly":1,"born_in_chaos_v1:door_knight":1,"minecraft:cow":1},"minecraft:dropped":{"minecraft:iron_sword":1,"alexsmobs:maggot":2,"minecraft:oak_log":8,"minecraft:birch_sapling":12,"minecraft:leather":2,"minecraft:coal":5,"minecraft:dirt":40,"minecraft:wooden_axe":1,"minecraft:spider_eye":2,"minecraft:wooden_sword":1,"minecraft:arrow":1,"minecraft:wooden_pickaxe":1},"minecraft:mined":{"minecraft:blue_carpet":1,"minecraft:glass_pane":8,"minecraft:crafting_table":4,"minecraft:torch":2,"minecraft:dark_oak_wood":7,"minecraft:grass_block":8,"minecraft:oak_planks":23,"minecraft:wall_torch":4,"minecraft:birch_planks":6,"minecraft:furnace":2,"minecraft:birch_log":8,"minecraft:iron_ore":5,"minecraft:lilac":1,"minecraft:white_carpet":1,"minecraft:birch_leaves":1,"treechop:chopped_log":3,"minecraft:bookshelf":76,"minecraft:grass":1,"minecraft:oak_log":7,"minecraft:coal_ore":82,"minecraft:dirt":8,"minecraft:stone":53,"minecraft:white_wool":7},"minecraft:crafted":{"minecraft:cooked_beef":3,"minecraft:wooden_sword":1,"minecraft:cooked_porkchop":1,"minecraft:crafting_table":1,"minecraft:wooden_pickaxe":1,"minecraft:iron_sword":1,"minecraft:furnace":2,"minecraft:birch_planks":128,"minecraft:stone_axe":1,"minecraft:air":0,"minecraft:stick":12,"minecraft:iron_ingot":5,"minecraft:iron_pickaxe":1,"minecraft:stone_pickaxe":2,"minecraft:wooden_axe":1,"minecraft:torch":4},"minecraft:picked_up":{"minecraft:birch_log":35,"born_in_chaos_v1:corpse_maggot":6,"minecraft:crafting_table":4,"born_in_chaos_v1:monster_flesh":2,"born_in_chaos_v1:seedof_chaos":1,"minecraft:leather":2,"minecraft:wooden_pickaxe":1,"minecraft:birch_planks":6,"minecraft:potion":1,"minecraft:oak_log":8,"minecraft:dirt":65,"minecraft:string":4,"minecraft:bone":8,"graveyard:corruption":3,"minecraft:bucket":1,"minecraft:beef":3,"minecraft:iron_sword":1,"minecraft:birch_sapling":12,"minecraft:oak_planks":26,"minecraft:furnace":1,"minecraft:book":237,"minecraft:stick":6,"minecraft:raw_iron":5,"minecraft:cooked_porkchop":1,"minecraft:torch":4,"born_in_chaos_v1:ethereal_spirit":1,"tombstone:grave_dust":4,"minecraft:spider_eye":2,"minecraft:black_dye":1,"minecraft:arrow":1,"minecraft:rotten_flesh":4,"useless_sword:vex_ectoplasm":4,"minecraft:emerald":2,"minecraft:totem_of_undying":2,"alexsmobs:maggot":2,"tombstone:magic_scroll":1,"minecraft:dark_oak_wood":6,"minecraft:coal":97,"minecraft:white_wool":7,"minecraft:cobblestone":53},"minecraft:killed_by":{"minecraft:vindicator":1,"minecraft:player":2,"born_in_chaos_v1:corpse_fly":1,"minecraft:vex":3},"minecraft:custom":{"minecraft:interact_with_furnace":33,"minecraft:mob_kills":33,"tombstone:raider_killed":4,"minecraft:interact_with_crafting_table":14,"minecraft:damage_dealt_resisted":985,"minecraft:leave_game":2,"minecraft:time_since_death":410,"minecraft:climb_one_cm":290,"minecraft:time_since_rest":444,"minecraft:sprint_one_cm":252615,"minecraft:damage_absorbed":80,"minecraft:damage_taken":2722,"minecraft:walk_one_cm":397351,"tombstone:sneak_grave":2,"minecraft:drop":14,"minecraft:damage_dealt":6149,"minecraft:damage_dealt_absorbed":24,"minecraft:swim_one_cm":264,"minecraft:fly_one_cm":293301,"minecraft:player_kills":5,"minecraft:open_chest":2,"minecraft:crouch_one_cm":56227,"minecraft:play_time":60128,"tombstone:undead_killed":10,"minecraft:deaths":7,"minecraft:sneak_time":8907,"minecraft:walk_under_water_one_cm":8464,"minecraft:jump":1014,"minecraft:walk_on_water_one_cm":2305,"minecraft:total_world_time":60128,"minecraft:fall_one_cm":18896},"minecraft:used":{"minecraft:water_bucket":8,"born_in_chaos_v1:ethereal_spirit":11,"minecraft:birch_planks":7,"minecraft:stone_pickaxe":135,"minecraft:wooden_pickaxe":9,"minecraft:iron_sword":123,"minecraft:rotten_flesh":4,"minecraft:torch":8,"minecraft:dirt":5,"minecraft:crafting_table":5,"minecraft:wooden_axe":23,"born_in_chaos_v1:monster_flesh":2,"minecraft:iron_pickaxe":1,"minecraft:totem_of_undying":1,"minecraft:stone_axe":129,"minecraft:wooden_sword":22,"minecraft:potion":1,"minecraft:furnace":3,"minecraft:cooked_porkchop":2,"minecraft:birch_log":2,"minecraft:bucket":9,"tombstone:gift":4,"alexsmobs:animal_dictionary":1,"minecraft:cooked_beef":3},"minecraft:broken":{"minecraft:stone_pickaxe":1,"minecraft:stone_axe":1}},"DataVersion":2975}