{"stats":{"minecraft:killed_by":{"minecraft:evoker":1,"minecraft:player":7,"realmrpg_demons:chort":1,"minecraft:vindicator":1,"minecraft:skeleton":2,"born_in_chaos_v1:supreme_bonescaller_not_despawn":1,"minecraft:zombie":1,"born_in_chaos_v1:bonescaller_not_despawn":2,"minecraft:vex":1},"minecraft:custom":{"minecraft:mob_kills":58,"minecraft:interact_with_crafting_table":19,"minecraft:open_barrel":18,"minecraft:damage_dealt_resisted":3903,"minecraft:leave_game":5,"minecraft:time_since_death":107607,"minecraft:climb_one_cm":2832,"minecraft:sprint_one_cm":323624,"minecraft:walk_one_cm":906627,"minecraft:damage_blocked_by_shield":70,"minecraft:drop":43,"minecraft:play_time":200840,"minecraft:deaths":17,"minecraft:sneak_time":2350,"minecraft:jump":996,"minecraft:total_world_time":200840,"tombstone:raider_killed":2,"minecraft:sleep_in_bed":5,"minecraft:time_since_rest":71145,"minecraft:damage_taken":5581,"minecraft:damage_absorbed":92,"minecraft:damage_dealt":10364,"minecraft:fly_one_cm":470609,"minecraft:player_kills":5,"minecraft:open_chest":204,"minecraft:crouch_one_cm":14538,"tombstone:undead_killed":23,"minecraft:fall_one_cm":14186},"minecraft:broken":{"minecraft:leather_chestplate":1,"minecraft:wooden_axe":1},"minecraft:used":{"minecraft:chest":3,"minecraft:shield":7,"minecraft:torch":3,"minecraft:dirt":28,"minecraft:chainmail_chestplate":1,"minecraft:birch_door":3,"minecraft:wooden_axe":46,"born_in_chaos_v1:smoked_flesh":1,"minecraft:spruce_button":1,"born_in_chaos_v1:gnawed_bones":2,"minecraft:warped_fungus":1,"tombstone:gift":2,"minecraft:cooked_beef":6,"sophisticatedbackpacks:gold_backpack":1,"minecraft:birch_planks":35,"minecraft:baked_potato":2,"minecraft:stone_pickaxe":27,"minecraft:wooden_pickaxe":20,"minecraft:leather_chestplate":1,"useless_sword:pillager_dagger":247,"minecraft:terracotta":1,"minecraft:crafting_table":4,"minecraft:white_bed":1,"minecraft:flower_pot":2,"born_in_chaos_v1:monster_flesh":1,"minecraft:bread":2,"minecraft:stone_axe":30,"graveyard:upper_bone_staff":4,"minecraft:cobblestone":3,"minecraft:potion":1,"minecraft:chainmail_boots":3,"minecraft:cooked_porkchop":3,"minecraft:cooked_rabbit":4,"minecraft:birch_log":1,"alexsmobs:animal_dictionary":1,"minecraft:candle":5,"minecraft:chainmail_leggings":1},"minecraft:mined":{"minecraft:red_carpet":3,"minecraft:spruce_planks":1,"minecraft:candle":4,"sophisticatedbackpacks:gold_backpack":1,"minecraft:brewing_stand":3,"minecraft:grass_block":6,"born_in_chaos_v1:gnawed_bones":3,"minecraft:spawner":11,"minecraft:potted_warped_fungus":1,"minecraft:hay_block":12,"graveyard:upper_bone_staff":5,"treechop:chopped_log":6,"minecraft:bookshelf":24,"minecraft:iron_bars":2,"minecraft:stone":2,"minecraft:iron_block":2,"minecraft:white_wool":7,"minecraft:brown_carpet":3,"minecraft:crafting_table":1,"minecraft:spruce_button":1,"minecraft:cobblestone":5,"minecraft:skeleton_skull":1,"minecraft:chain":4,"ars_nouveau:blue_archwood_log":1,"minecraft:birch_leaves":1,"minecraft:birch_door":2,"minecraft:grass":3,"minecraft:gravel":3,"minecraft:flower_pot":1,"minecraft:dirt":18,"minecraft:cobweb":2,"minecraft:terracotta":1,"minecraft:wither_skeleton_skull":1},"minecraft:picked_up":{"sophisticatedbackpacks:gold_backpack":1,"minecraft:crafting_table":1,"minecraft:birch_door":2,"minecraft:wheat":3,"minecraft:flower_pot":3,"born_in_chaos_v1:seedof_chaos":5,"ars_nouveau:blue_archwood_sapling":3,"minecraft:potion":4,"tombstone:grave_key":1,"minecraft:chain":3,"minecraft:brewing_stand":3,"minecraft:string":11,"born_in_chaos_v1:intoxicating_decoction":5,"minecraft:oak_sign":3,"minecraft:candle":8,"minecraft:spruce_planks":1,"minecraft:beef":3,"born_in_chaos_v1:gnawed_bones":3,"minecraft:birch_sapling":19,"minecraft:stick":5,"minecraft:torch":3,"ars_nouveau:blue_archwood_log":13,"tombstone:grave_dust":5,"minecraft:brown_carpet":3,"minecraft:tnt":1,"minecraft:arrow":4,"minecraft:rotten_flesh":17,"minecraft:hay_block":12,"minecraft:iron_block":2,"minecraft:totem_of_undying":2,"minecraft:gold_ingot":4,"minecraft:iron_bars":2,"minecraft:skeleton_skull":1,"minecraft:white_wool":7,"minecraft:cobblestone":6,"minecraft:birch_log":42,"born_in_chaos_v1:corpse_maggot":6,"born_in_chaos_v1:monster_flesh":1,"minecraft:birch_planks":64,"paraglider:spirit_orb":22,"minecraft:flint":1,"minecraft:wither_skeleton_skull":4,"minecraft:dirt":25,"born_in_chaos_v1:monster_skin":1,"minecraft:red_carpet":3,"minecraft:bone":13,"minecraft:gray_carpet":7,"minecraft:iron_ingot":1,"minecraft:book":72,"minecraft:warped_fungus":1,"born_in_chaos_v1:orbofthe_summoner":4,"minecraft:gravel":2,"minecraft:stripped_spruce_log":13,"minecraft:spider_eye":5,"graveyard:upper_bone_staff":5,"minecraft:bundle":2,"minecraft:chainmail_leggings":1,"minecraft:spruce_button":2,"minecraft:terracotta":1,"minecraft:light_gray_carpet":5,"minecraft:coal":2},"minecraft:crafted":{"minecraft:stone_pickaxe":1,"minecraft:chest":4,"minecraft:birch_door":3,"sophisticatedbackpacks:iron_backpack":1,"minecraft:wheat":108,"sophisticatedbackpacks:backpack":1,"minecraft:crafting_table":3,"minecraft:spruce_planks":52,"minecraft:wooden_pickaxe":1,"sophisticatedbackpacks:gold_backpack":1,"minecraft:birch_planks":68,"minecraft:bread":28,"minecraft:stick":4,"minecraft:iron_ingot":18,"minecraft:wooden_axe":1,"minecraft:white_bed":1},"minecraft:dropped":{"useless_sword:silvillager":1,"born_in_chaos_v1:intoxicating_decoction":1,"minecraft:candle":2,"minecraft:glass_bottle":1,"minecraft:leather":4,"minecraft:spruce_button":1,"minecraft:flint":1,"ars_nouveau:worn_notebook":1,"tombstone:grave_key":1,"tombstone:grave_dust":1,"minecraft:potion":2,"minecraft:chain":1,"minecraft:chainmail_leggings":3,"ars_nouveau:wilden_horn":1,"minecraft:birch_log":7,"minecraft:gray_carpet":7,"minecraft:bone":3,"minecraft:gold_ingot":4,"minecraft:gravel":2,"alexsmobs:animal_dictionary":1,"minecraft:wheat":1,"minecraft:light_gray_carpet":5,"minecraft:oak_sign":3,"patchouli:guide_book":1,"minecraft:flower_pot":1,"born_in_chaos_v1:corpse_maggot":5,"minecraft:chainmail_boots":1,"minecraft:spider_eye":2,"minecraft:iron_bars":2,"minecraft:wooden_pickaxe":1,"minecraft:beef":3},"minecraft:killed":{"born_in_chaos_v1:zombie_clown":1,"minecraft:evoker":2,"minecraft:vex":1,"born_in_chaos_v1:zombie_clown_not_despawn":1,"minecraft:spider":10,"born_in_chaos_v1:baby_skeleton_minion":3,"born_in_chaos_v1:maggot":5,"minecraft:skeleton":2,"realmrpg_demons:chort":2,"born_in_chaos_v1:supreme_bonescaller_stage_2":1,"born_in_chaos_v1:bonescaller":1,"born_in_chaos_v1:bone_imp_minion":2,"born_in_chaos_v1:decrepit_skeleton":2,"minecraft:zombie":8,"ars_nouveau:wilden_stalker":1,"iceandfire:ghost":1,"born_in_chaos_v1:corpse_fly":11,"born_in_chaos_v1:bonescaller_not_despawn":1,"minecraft:cow":1}},"DataVersion":2975}