{"stats":{"minecraft:crafted":{"minecraft:bone_meal":123,"minecraft:iron_hoe":1,"minecraft:stone_pickaxe":1,"minecraft:chest":5,"minecraft:birch_door":3,"sophisticatedbackpacks:iron_backpack":2,"minecraft:wheat":108,"sophisticatedbackpacks:backpack":2,"minecraft:crafting_table":3,"minecraft:spruce_planks":52,"minecraft:wooden_pickaxe":1,"minecraft:iron_helmet":1,"sophisticatedbackpacks:gold_backpack":3,"minecraft:bucket":1,"minecraft:birch_planks":68,"minecraft:bread":28,"minecraft:stick":12,"minecraft:iron_ingot":18,"minecraft:iron_pickaxe":1,"minecraft:wooden_axe":1,"minecraft:white_bed":1},"minecraft:custom":{"minecraft:mob_kills":106,"minecraft:interact_with_crafting_table":34,"minecraft:open_barrel":21,"minecraft:damage_dealt_resisted":3903,"minecraft:leave_game":5,"minecraft:time_since_death":36510,"minecraft:climb_one_cm":6853,"minecraft:sprint_one_cm":887347,"minecraft:walk_one_cm":1461559,"minecraft:damage_blocked_by_shield":360,"minecraft:drop":93,"minecraft:damage_dealt_absorbed":10,"minecraft:play_time":326382,"minecraft:deaths":19,"minecraft:sneak_time":3210,"minecraft:walk_under_water_one_cm":9332,"minecraft:jump":1535,"minecraft:walk_on_water_one_cm":20842,"minecraft:total_world_time":326382,"minecraft:interact_with_furnace":1,"tombstone:raider_killed":4,"minecraft:sleep_in_bed":10,"minecraft:time_since_rest":27453,"minecraft:damage_taken":8471,"minecraft:damage_absorbed":92,"minecraft:damage_dealt":18956,"minecraft:player_kills":5,"minecraft:swim_one_cm":4237,"minecraft:fly_one_cm":628616,"minecraft:open_chest":355,"minecraft:crouch_one_cm":19349,"tombstone:undead_killed":47,"minecraft:fall_one_cm":22197},"minecraft:used":{"minecraft:iron_bars":11,"minecraft:chest":3,"minecraft:shield":17,"minecraft:iron_sword":53,"minecraft:rotten_flesh":5,"minecraft:torch":17,"minecraft:dirt":28,"minecraft:chainmail_chestplate":1,"minecraft:carrot":4,"minecraft:birch_door":3,"minecraft:iron_hoe":81,"minecraft:wooden_axe":46,"born_in_chaos_v1:smoked_flesh":13,"minecraft:spruce_button":1,"minecraft:iron_helmet":1,"born_in_chaos_v1:gnawed_bones":2,"minecraft:warped_fungus":2,"tombstone:gift":3,"minecraft:potato":138,"minecraft:cooked_beef":10,"sophisticatedbackpacks:gold_backpack":1,"minecraft:water_bucket":1,"minecraft:cobblestone_stairs":1,"minecraft:birch_planks":71,"minecraft:baked_potato":4,"minecraft:stone_pickaxe":27,"useless_sword:pillager_dagger":360,"minecraft:wooden_pickaxe":20,"minecraft:leather_chestplate":1,"minecraft:terracotta":1,"minecraft:crafting_table":4,"minecraft:white_bed":1,"minecraft:flower_pot":2,"minecraft:apple":4,"born_in_chaos_v1:monster_flesh":1,"minecraft:bread":33,"minecraft:iron_pickaxe":37,"minecraft:iron_door":1,"minecraft:stone_axe":61,"graveyard:upper_bone_staff":4,"minecraft:cobblestone":3,"minecraft:potion":3,"minecraft:chainmail_boots":3,"minecraft:cooked_porkchop":3,"minecraft:cooked_rabbit":4,"minecraft:bucket":1,"minecraft:birch_log":1,"alexsmobs:animal_dictionary":1,"minecraft:candle":5,"minecraft:bone_meal":123,"minecraft:chainmail_leggings":1},"minecraft:mined":{"minecraft:white_bed":1,"minecraft:red_carpet":3,"minecraft:spruce_planks":1,"minecraft:candle":4,"sophisticatedbackpacks:gold_backpack":1,"minecraft:brewing_stand":3,"minecraft:grass_block":7,"born_in_chaos_v1:gnawed_bones":3,"minecraft:spawner":29,"minecraft:potted_warped_fungus":1,"minecraft:hay_block":12,"graveyard:upper_bone_staff":5,"treechop:chopped_log":8,"minecraft:bookshelf":24,"minecraft:potatoes":103,"minecraft:vine":2,"minecraft:iron_bars":16,"minecraft:stone":2,"minecraft:iron_block":2,"minecraft:white_wool":7,"minecraft:brown_carpet":3,"minecraft:crafting_table":1,"minecraft:torch":2,"minecraft:spruce_button":1,"minecraft:chest":5,"minecraft:tall_grass":1,"minecraft:cobblestone":5,"minecraft:iron_door":1,"minecraft:wall_torch":5,"minecraft:skeleton_skull":1,"minecraft:chain":4,"minecraft:birch_planks":10,"ars_nouveau:blue_archwood_log":1,"minecraft:birch_leaves":1,"minecraft:warped_fungus":1,"minecraft:birch_door":2,"minecraft:tnt":2,"minecraft:grass":3,"minecraft:flower_pot":1,"minecraft:gravel":3,"minecraft:dirt":18,"minecraft:cobweb":2,"minecraft:terracotta":1,"minecraft:wither_skeleton_skull":1},"minecraft:broken":{"useless_sword:pillager_dagger":1,"minecraft:leather_chestplate":1,"minecraft:wooden_axe":1},"minecraft:killed_by":{"minecraft:evoker":1,"minecraft:player":7,"realmrpg_demons:chort":1,"minecraft:stray":1,"minecraft:vindicator":1,"minecraft:skeleton":3,"born_in_chaos_v1:supreme_bonescaller_not_despawn":1,"minecraft:zombie":1,"born_in_chaos_v1:bonescaller_not_despawn":2,"minecraft:vex":1},"minecraft:picked_up":{"minecraft:leather_leggings":1,"sophisticatedbackpacks:gold_backpack":1,"ars_nouveau:caster_tome":2,"minecraft:birch_door":3,"minecraft:iron_chestplate":1,"minecraft:crafting_table":2,"minecraft:wheat":3,"minecraft:chainmail_boots":1,"minecraft:flower_pot":3,"born_in_chaos_v1:seedof_chaos":5,"minecraft:lead":1,"ars_nouveau:pierce_arrow":17,"ars_nouveau:blue_archwood_sapling":6,"minecraft:enchanted_book":2,"minecraft:potion":8,"minecraft:diamond_horse_armor":2,"tombstone:grave_key":1,"minecraft:chain":5,"minecraft:brewing_stand":3,"minecraft:shield":2,"epicfight:stray_pants":2,"ars_nouveau:amplify_arrow":19,"minecraft:string":27,"minecraft:iron_axe":2,"born_in_chaos_v1:intoxicating_decoction":9,"minecraft:iron_shovel":1,"minecraft:oak_sign":3,"minecraft:candle":10,"minecraft:spruce_planks":54,"minecraft:beef":3,"born_in_chaos_v1:gnawed_bones":4,"born_in_chaos_v1:spiritinabottle":3,"minecraft:chest":4,"minecraft:birch_sapling":32,"minecraft:phantom_membrane":9,"minecraft:tipped_arrow":3,"minecraft:stick":9,"minecraft:torch":12,"minecraft:spruce_stairs":3,"ars_nouveau:blue_archwood_log":26,"epicfight:skillbook":6,"born_in_chaos_v1:pileof_dark_metal":1,"born_in_chaos_v1:nightmare_claw":1,"tombstone:grave_dust":14,"born_in_chaos_v1:pieceofdarkmetal":16,"minecraft:carrot":28,"minecraft:golden_chestplate":1,"minecraft:brown_carpet":3,"minecraft:tnt":10,"minecraft:arrow":84,"minecraft:rotten_flesh":42,"minecraft:hay_block":12,"born_in_chaos_v1:cultivated_pumpkin":2,"minecraft:iron_block":2,"minecraft:saddle":1,"minecraft:gold_ingot":4,"minecraft:totem_of_undying":2,"minecraft:iron_bars":25,"minecraft:skeleton_skull":2,"minecraft:white_wool":8,"minecraft:cobblestone":6,"minecraft:birch_log":110,"born_in_chaos_v1:corpse_maggot":31,"minecraft:golden_carrot":4,"born_in_chaos_v1:monster_flesh":10,"minecraft:iron_door":1,"minecraft:leather":5,"minecraft:golden_leggings":2,"minecraft:potato":240,"minecraft:birch_planks":141,"paraglider:spirit_orb":76,"minecraft:flint":1,"minecraft:wither_skeleton_skull":4,"minecraft:gunpowder":36,"minecraft:cobblestone_stairs":1,"minecraft:lapis_lazuli":6,"minecraft:dirt":71,"born_in_chaos_v1:bottle_of_magical_energy":1,"minecraft:name_tag":2,"born_in_chaos_v1:monster_skin":1,"minecraft:leather_boots":1,"minecraft:red_carpet":3,"minecraft:bone":74,"minecraft:apple":1,"minecraft:stone_bricks":84,"minecraft:gray_carpet":10,"minecraft:bow":2,"minecraft:wheat_seeds":1,"alexsmobs:cockroach_wing_fragment":1,"minecraft:rabbit_hide":2,"born_in_chaos_v1:smoked_flesh":25,"minecraft:iron_ingot":1,"minecraft:book":148,"minecraft:warped_fungus":2,"born_in_chaos_v1:orbofthe_summoner":4,"born_in_chaos_v1:ethereal_spirit":1,"minecraft:poisonous_potato":1,"minecraft:gravel":2,"minecraft:white_bed":1,"minecraft:stripped_spruce_log":30,"minecraft:spider_eye":28,"minecraft:bundle":5,"graveyard:upper_bone_staff":6,"minecraft:iron_hoe":1,"minecraft:light_gray_terracotta":4,"minecraft:chainmail_leggings":1,"minecraft:spruce_button":2,"minecraft:emerald":2,"minecraft:terracotta":1,"tombstone:magic_scroll":1,"minecraft:light_gray_carpet":9,"minecraft:coal":47},"minecraft:dropped":{"useless_sword:silvillager":1,"born_in_chaos_v1:intoxicating_decoction":1,"minecraft:iron_sword":1,"minecraft:candle":4,"minecraft:wheat_seeds":1,"ars_nouveau:pierce_arrow":1,"minecraft:glass_bottle":3,"minecraft:poisonous_potato":1,"born_in_chaos_v1:cultivated_pumpkin":2,"minecraft:leather":4,"minecraft:spruce_button":1,"minecraft:spruce_stairs":3,"sophisticatedbackpacks:gold_backpack":1,"minecraft:stick":1,"minecraft:flint":1,"minecraft:dirt":29,"ars_nouveau:worn_notebook":1,"tombstone:grave_key":1,"tombstone:grave_dust":1,"minecraft:potion":3,"minecraft:chain":1,"minecraft:iron_axe":2,"minecraft:chainmail_leggings":3,"ars_nouveau:wilden_horn":1,"minecraft:birch_log":14,"minecraft:gray_carpet":10,"epicfight:stray_pants":1,"minecraft:bone":7,"ars_nouveau:caster_tome":2,"minecraft:gold_ingot":4,"minecraft:gravel":2,"alexsmobs:animal_dictionary":1,"minecraft:light_gray_terracotta":4,"minecraft:birch_sapling":13,"minecraft:wheat":1,"minecraft:rotten_flesh":3,"minecraft:light_gray_carpet":9,"minecraft:oak_sign":3,"patchouli:guide_book":1,"minecraft:tipped_arrow":2,"minecraft:shield":2,"minecraft:flower_pot":1,"alexsmobs:cockroach_wing_fragment":1,"minecraft:spruce_planks":1,"minecraft:birch_door":1,"minecraft:leather_boots":1,"minecraft:iron_chestplate":1,"born_in_chaos_v1:corpse_maggot":5,"minecraft:golden_leggings":1,"minecraft:chainmail_boots":1,"minecraft:spider_eye":5,"minecraft:iron_bars":6,"minecraft:wooden_pickaxe":1,"minecraft:beef":3,"minecraft:stone_pickaxe":1,"minecraft:stripped_spruce_log":17,"minecraft:enchanted_book":1},"minecraft:killed":{"born_in_chaos_v1:zombie_clown":1,"minecraft:evoker":2,"minecraft:vex":1,"minecraft:cave_spider":5,"born_in_chaos_v1:zombie_clown_not_despawn":1,"minecraft:vindicator":2,"minecraft:spider":16,"born_in_chaos_v1:baby_skeleton_minion":3,"born_in_chaos_v1:maggot":6,"minecraft:skeleton":14,"realmrpg_demons:chort":2,"born_in_chaos_v1:supreme_bonescaller_stage_2":1,"born_in_chaos_v1:bonescaller":1,"born_in_chaos_v1:bone_imp_minion":2,"minecraft:creeper":1,"born_in_chaos_v1:decrepit_skeleton":3,"minecraft:zombie":15,"ars_nouveau:wilden_stalker":1,"iceandfire:ghost":1,"born_in_chaos_v1:corpse_fly":18,"born_in_chaos_v1:bonescaller_not_despawn":1,"minecraft:stray":4,"alexsmobs:crow":1,"minecraft:cow":1}},"DataVersion":2975}