{"stats":{"minecraft:crafted":{"minecraft:chest":10,"minecraft:birch_door":3,"minecraft:smoker":1,"sophisticatedbackpacks:backpack":2,"minecraft:cooked_porkchop":2,"minecraft:crafting_table":6,"minecraft:spruce_planks":52,"minecraft:wooden_pickaxe":1,"minecraft:iron_helmet":1,"minecraft:birch_planks":92,"minecraft:stick":60,"minecraft:iron_ingot":36,"minecraft:iron_pickaxe":1,"minecraft:shears":1,"minecraft:coal":27,"minecraft:furnace":1,"minecraft:bone_meal":123,"securitycraft:universal_block_remover":1,"minecraft:iron_hoe":1,"minecraft:stone_pickaxe":1,"minecraft:wheat":369,"sophisticatedbackpacks:iron_backpack":3,"minecraft:cooked_beef":6,"paraglider:paraglider":1,"elevatorid:elevator_white":2,"sophisticatedbackpacks:gold_backpack":4,"minecraft:bucket":1,"minecraft:bread":115,"minecraft:air":0,"minecraft:white_wool":10,"minecraft:wooden_axe":1,"minecraft:white_bed":2},"minecraft:custom":{"minecraft:interact_with_crafting_table":71,"minecraft:open_barrel":22,"minecraft:eat_cake_slice":6,"minecraft:leave_game":21,"minecraft:time_since_death":89744,"minecraft:sprint_one_cm":2546036,"minecraft:damage_blocked_by_shield":2769,"minecraft:drop":376,"minecraft:talked_to_villager":3,"minecraft:play_time":860661,"minecraft:deaths":61,"tombstone:tomb_raiding":3,"minecraft:jump":7110,"minecraft:walk_on_water_one_cm":73098,"minecraft:interact_with_furnace":7,"minecraft:sleep_in_bed":25,"minecraft:damage_dealt":49401,"minecraft:player_kills":39,"minecraft:crouch_one_cm":179079,"tombstone:undead_killed":101,"minecraft:interact_with_smoker":3,"minecraft:mob_kills":229,"minecraft:damage_dealt_resisted":5325,"minecraft:climb_one_cm":28162,"minecraft:walk_one_cm":3706780,"minecraft:damage_dealt_absorbed":591,"minecraft:sneak_time":25587,"minecraft:walk_under_water_one_cm":53891,"minecraft:total_world_time":860661,"tombstone:raider_killed":13,"minecraft:raid_trigger":1,"minecraft:pot_flower":3,"minecraft:time_since_rest":14980,"minecraft:damage_absorbed":92,"minecraft:damage_taken":2147483647,"minecraft:trigger_trapped_chest":3,"minecraft:swim_one_cm":14274,"minecraft:fly_one_cm":3073099,"minecraft:open_chest":529,"minecraft:fall_one_cm":129919},"minecraft:used":{"minecraft:writable_book":1,"minecraft:chest":9,"minecraft:shield":75,"minecraft:iron_sword":427,"minecraft:rotten_flesh":5,"paraglider:goddess_statue":2,"minecraft:carrot":20,"minecraft:deepslate_tile_slab":2,"minecraft:azure_bluet":2,"iceandfire:frozen_grass":1,"wom:agony":92,"born_in_chaos_v1:smoked_flesh":35,"minecraft:grass_block":7,"minecraft:polished_andesite_stairs":1,"minecraft:iron_helmet":1,"born_in_chaos_v1:gnawed_bones":2,"minecraft:stone_bricks":143,"minecraft:item_frame":2,"minecraft:warped_fungus":2,"minecraft:gray_bed":1,"minecraft:skeleton_skull":1,"minecraft:egg":1,"minecraft:potato":138,"minecraft:dark_oak_stairs":6,"minecraft:mossy_stone_bricks":2,"minecraft:stone_pickaxe":27,"minecraft:ender_pearl":1,"minecraft:wooden_pickaxe":20,"minecraft:leather_chestplate":1,"elevatorid:elevator_white":7,"born_in_chaos_v1:holiday_candy":1,"born_in_chaos_v1:monster_flesh":1,"minecraft:gravel":1,"minecraft:iron_door":1,"minecraft:bread":104,"paraglider:kakariko_goddess_statue":1,"born_in_chaos_v1:marigolds":1,"minecraft:golden_helmet":1,"minecraft:diamond_sword":120,"graveyard:upper_bone_staff":4,"minecraft:chainmail_boots":3,"useless_sword:ravager_sword":10,"minecraft:cooked_rabbit":4,"minecraft:chain":2,"minecraft:birch_log":1,"minecraft:bone_meal":123,"minecraft:cobweb":8,"minecraft:experience_bottle":256,"born_in_chaos_v1:dark_ritual_dagger":26,"minecraft:iron_bars":13,"minecraft:torch":43,"minecraft:dirt":608,"minecraft:white_carpet":3,"minecraft:chainmail_chestplate":1,"minecraft:granite":5,"minecraft:birch_door":3,"minecraft:iron_hoe":139,"paraglider:horned_statue":3,"minecraft:wooden_axe":46,"minecraft:spruce_button":1,"paraglider:goron_goddess_statue":3,"minecraft:oak_stairs":1,"paraglider:rito_goddess_statue":2,"minecraft:beef":1,"tombstone:gift":7,"minecraft:cooked_beef":45,"minecraft:powder_snow_bucket":1,"sophisticatedbackpacks:gold_backpack":1,"minecraft:water_bucket":122,"minecraft:cobblestone_stairs":1,"minecraft:birch_planks":128,"minecraft:polished_andesite":3,"minecraft:baked_potato":4,"useless_sword:pillager_dagger":360,"born_in_chaos_v1:black_argillite_brick_stairs":2,"minecraft:mossy_cobblestone":6,"minecraft:orange_carpet":3,"minecraft:terracotta":1,"minecraft:oak_slab":1,"minecraft:crafting_table":11,"minecraft:white_bed":13,"minecraft:smoker":1,"minecraft:oak_log":2,"minecraft:flower_pot":5,"minecraft:apple":8,"minecraft:iron_pickaxe":256,"minecraft:stone_axe":168,"minecraft:golden_leggings":1,"minecraft:blue_carpet":2,"minecraft:potion":6,"minecraft:cobblestone":42,"minecraft:cooked_porkchop":6,"minecraft:bucket":123,"alexsmobs:animal_dictionary":1,"minecraft:candle":5,"minecraft:chainmail_leggings":1},"minecraft:mined":{"minecraft:white_bed":10,"minecraft:spruce_planks":1,"sophisticatedbackpacks:gold_backpack":1,"minecraft:potted_cactus":1,"minecraft:brewing_stand":6,"minecraft:granite":5,"born_in_chaos_v1:dark_metal_deposit":5,"minecraft:grass_block":9,"paraglider:goron_goddess_statue":1,"iceandfire:lectern":1,"minecraft:spawner":47,"minecraft:potted_warped_fungus":1,"minecraft:mossy_cobblestone_stairs":2,"minecraft:iron_ore":19,"born_in_chaos_v1:black_argillite_brick_stairs":3,"graveyard:upper_bone_staff":5,"minecraft:azure_bluet":2,"minecraft:dark_oak_stairs":8,"minecraft:polished_deepslate_slab":3,"minecraft:iron_bars":21,"minecraft:potted_cornflower":2,"minecraft:iron_block":4,"minecraft:smoker":1,"graveyard:middle_bone_staff":1,"minecraft:soul_fire":1,"minecraft:deepslate_tile_slab":2,"minecraft:powder_snow":8,"minecraft:torch":5,"iceandfire:dragon_ice_spikes":3,"minecraft:polished_andesite_stairs":2,"minecraft:chest":12,"minecraft:cobblestone":12,"minecraft:iron_door":1,"minecraft:wall_torch":5,"minecraft:skeleton_skull":1,"minecraft:chain":4,"minecraft:dark_oak_slab":1,"paraglider:horned_statue":4,"minecraft:stone_brick_stairs":2,"born_in_chaos_v1:black_argillite_brick":4,"minecraft:birch_door":2,"minecraft:warped_fungus":1,"minecraft:tnt":3,"minecraft:grass":18,"minecraft:dirt":65,"minecraft:wither_skeleton_skull":1,"minecraft:oak_leaves":1,"minecraft:red_carpet":3,"minecraft:mossy_cobblestone":1,"minecraft:candle":4,"minecraft:cobbled_deepslate_slab":1,"iceandfire:frozen_stone":1,"born_in_chaos_v1:black_argillite":10,"born_in_chaos_v1:gnawed_bones":3,"minecraft:hay_block":76,"minecraft:furnace":1,"graveyard:tg_moss_block":1,"treechop:chopped_log":8,"minecraft:gold_block":1,"minecraft:bookshelf":24,"minecraft:potatoes":103,"minecraft:vine":9,"minecraft:packed_ice":2,"minecraft:stone":73,"iceandfire:podium_spruce":1,"minecraft:white_wool":7,"minecraft:brown_carpet":3,"minecraft:crafting_table":4,"minecraft:spruce_button":1,"minecraft:copper_ore":1,"minecraft:tall_grass":13,"born_in_chaos_v1:chipped_black_argillite_brick":1,"minecraft:birch_planks":20,"ars_nouveau:blue_archwood_log":1,"minecraft:birch_leaves":1,"elevatorid:elevator_white":5,"minecraft:gravel":3,"minecraft:flower_pot":1,"minecraft:cobweb":44,"minecraft:terracotta":1,"minecraft:stone_bricks":17,"minecraft:mossy_stone_bricks":1,"minecraft:fern":3,"paraglider:goddess_statue":1},"minecraft:broken":{"minecraft:golden_helmet":1,"useless_sword:pillager_dagger":1,"minecraft:iron_boots":2,"minecraft:iron_leggings":1,"minecraft:chainmail_boots":1,"minecraft:golden_leggings":1,"minecraft:chainmail_chestplate":1,"minecraft:iron_sword":1,"useless_sword:ravager_sword":1,"minecraft:wooden_axe":1,"minecraft:golden_chestplate":2,"minecraft:leather_chestplate":2,"minecraft:leather_boots":1,"minecraft:iron_pickaxe":1,"minecraft:iron_helmet":1},"minecraft:killed_by":{"minecraft:evoker":1,"minecraft:creeper":1,"minecraft:pillager":1,"born_in_chaos_v1:zombie_bruiser":1,"minecraft:vindicator":1,"iceandfire:ice_dragon":2,"born_in_chaos_v1:supreme_bonescaller_not_despawn":4,"minecraft:zombie":1,"born_in_chaos_v1:bonescaller_not_despawn":3,"minecraft:vex":1,"minecraft:player":28,"realmrpg_demons:chort":1,"minecraft:stray":3,"iceandfire:gorgon":3,"minecraft:skeleton":5,"born_in_chaos_v1:skeleton_thrasher_not_despawn":1,"iceandfire:ghost":3},"minecraft:picked_up":{"ars_nouveau:caster_tome":3,"minecraft:iron_chestplate":1,"minecraft:birch_door":3,"minecraft:wheat":5,"minecraft:chainmail_boots":2,"minecraft:flower_pot":6,"minecraft:smithing_table":1,"minecraft:lead":1,"ars_nouveau:pierce_arrow":43,"minecraft:oak_stairs":1,"minecraft:enchanted_book":4,"minecraft:potion":13,"minecraft:stone_brick_stairs":4,"tombstone:grave_key":1,"minecraft:brewing_stand":6,"born_in_chaos_v1:black_argillite":8,"iceandfire:manuscript":8,"paraglider:goddess_statue":1,"minecraft:string":88,"minecraft:raw_copper":3,"minecraft:iron_leggings":2,"minecraft:oak_sign":3,"minecraft:spruce_planks":54,"minecraft:iron_pickaxe":1,"minecraft:melon_slice":7,"iceandfire:frozen_gravel":1,"alexsmobs:raccoon_tail":1,"minecraft:coal_block":2,"minecraft:iron_boots":1,"minecraft:furnace":1,"minecraft:golden_helmet":2,"minecraft:tipped_arrow":5,"minecraft:stick":18,"born_in_chaos_v1:shattered_skull":1,"minecraft:torch":19,"minecraft:spruce_stairs":3,"epicfight:skillbook":10,"born_in_chaos_v1:pileof_dark_metal":1,"minecraft:porkchop":4,"tombstone:grave_dust":32,"born_in_chaos_v1:nightmare_claw":2,"born_in_chaos_v1:black_argillite_brick_stairs":3,"minecraft:golden_chestplate":2,"minecraft:brown_carpet":3,"minecraft:cactus":1,"minecraft:rotten_flesh":99,"minecraft:iron_block":4,"born_in_chaos_v1:cultivated_pumpkin":2,"epicfight:stray_robe":2,"minecraft:deepslate_brick_stairs":1,"minecraft:iron_bars":33,"minecraft:cobblestone":110,"ars_nouveau:drygmy_shard":1,"paraglider:goron_goddess_statue":1,"minecraft:birch_log":118,"minecraft:leather_chestplate":3,"minecraft:feather":2,"minecraft:iron_door":1,"minecraft:orange_carpet":3,"minecraft:golden_leggings":4,"minecraft:potato":240,"minecraft:smoker":1,"alexsmobs:bison_fur":4,"paraglider:spirit_orb":129,"minecraft:flint":3,"minecraft:wither_skeleton_skull":4,"minecraft:lapis_lazuli":17,"minecraft:dirt":375,"born_in_chaos_v1:nightmare_stalker_skull":1,"minecraft:lantern":2,"born_in_chaos_v1:bottle_of_magical_energy":1,"minecraft:name_tag":2,"born_in_chaos_v1:monster_skin":8,"born_in_chaos_v1:marigolds":1,"minecraft:leather_boots":5,"minecraft:bone":116,"minecraft:bow":2,"minecraft:wheat_seeds":7,"minecraft:cobbled_deepslate_slab":1,"minecraft:mossy_stone_bricks":7,"minecraft:diamond_helmet":1,"minecraft:moss_block":1,"minecraft:oak_planks":7,"minecraft:mossy_stone_brick_stairs":2,"iceandfire:podium_spruce":1,"minecraft:poisonous_potato":1,"minecraft:stripped_spruce_log":30,"minecraft:nether_brick_stairs":1,"iceandfire:frozen_dirt":4,"minecraft:dark_oak_log":93,"minecraft:dead_bush":7,"ars_nouveau:wilden_horn":5,"minecraft:mossy_cobblestone":10,"minecraft:bundle":5,"graveyard:upper_bone_staff":6,"minecraft:iron_hoe":1,"minecraft:polished_andesite":3,"minecraft:light_gray_terracotta":4,"tombstone:familiar_stone":1,"born_in_chaos_v1:fire_dust":4,"iceandfire:lectern":1,"minecraft:granite":5,"minecraft:bone_meal":3,"minecraft:bread":1,"minecraft:spruce_button":3,"minecraft:golden_horse_armor":1,"minecraft:emerald":2,"alexsmobs:maggot":1,"minecraft:light_gray_carpet":9,"iceandfire:silver_nugget":52,"sophisticatedbackpacks:gold_backpack":1,"minecraft:crafting_table":4,"minecraft:allium":5,"minecraft:azure_bluet":11,"iceandfire:witherbone":6,"born_in_chaos_v1:seedof_chaos":7,"minecraft:brown_mushroom":1,"minecraft:leather_leggings":3,"minecraft:stone_brick_wall":1,"ars_nouveau:blue_archwood_sapling":6,"minecraft:diamond_horse_armor":2,"minecraft:chain":7,"minecraft:shield":5,"epicfight:stray_pants":3,"ars_nouveau:amplify_arrow":19,"minecraft:cornflower":2,"iceandfire:frozen_grass":1,"iceandfire:frozen_splinters":1,"iceandfire:frozen_stone":1,"minecraft:iron_axe":2,"born_in_chaos_v1:intoxicating_decoction":14,"minecraft:item_frame":5,"minecraft:white_carpet":3,"minecraft:iron_shovel":2,"born_in_chaos_v1:black_argillite_brick":2,"minecraft:cracked_stone_bricks":2,"minecraft:candle":10,"minecraft:beef":22,"born_in_chaos_v1:gnawed_bones":5,"born_in_chaos_v1:spiritinabottle":3,"minecraft:chest":14,"minecraft:birch_sapling":33,"minecraft:phantom_membrane":9,"iceandfire:ice_dragon_heart":2,"minecraft:raw_iron":19,"iceandfire:dragonbone":16,"minecraft:polished_deepslate_slab":2,"ars_nouveau:blue_archwood_log":26,"ars_nouveau:purple_archwood_sapling":1,"born_in_chaos_v1:pieceofdarkmetal":21,"minecraft:carrot":28,"minecraft:blue_carpet":1,"iceandfire:dragon_skull_ice":2,"minecraft:tnt":13,"minecraft:arrow":105,"minecraft:nether_bricks":1,"iceandfire:dragonscales_silver":23,"minecraft:hay_block":77,"minecraft:gold_ingot":8,"sophisticatedbackpacks:copper_backpack":1,"minecraft:totem_of_undying":2,"minecraft:saddle":2,"tombstone:essence_of_undeath":1,"paraglider:horned_statue":4,"minecraft:mutton":17,"minecraft:skeleton_skull":4,"minecraft:white_wool":16,"born_in_chaos_v1:corpse_maggot":51,"born_in_chaos_v1:monster_flesh":13,"minecraft:golden_carrot":4,"minecraft:leather":7,"minecraft:red_mushroom":1,"minecraft:birch_planks":148,"minecraft:oak_log":2,"iceandfire:ectoplasm":5,"minecraft:gunpowder":51,"minecraft:cobblestone_stairs":1,"minecraft:deepslate_tile_slab":2,"minecraft:white_banner":2,"minecraft:cooked_mutton":1,"minecraft:red_carpet":3,"minecraft:gray_carpet":10,"minecraft:apple":4,"minecraft:stone_bricks":113,"alexsmobs:cockroach_wing_fragment":1,"iceandfire:armor_silver_metal_helmet":2,"minecraft:rabbit_hide":2,"minecraft:iron_ingot":9,"born_in_chaos_v1:smoked_flesh":25,"minecraft:stone_pickaxe":2,"minecraft:cobweb":2,"minecraft:glass_bottle":11,"minecraft:dark_oak_stairs":8,"wom:agony":1,"minecraft:green_dye":2,"minecraft:book":152,"elevatorid:elevator_white":5,"minecraft:oak_slab":1,"minecraft:polished_andesite_stairs":1,"iceandfire:copper_nugget":4,"minecraft:warped_fungus":2,"minecraft:dark_oak_slab":1,"born_in_chaos_v1:orbofthe_summoner":5,"born_in_chaos_v1:ethereal_spirit":3,"minecraft:gravel":7,"minecraft:white_bed":11,"graveyard:middle_bone_staff":1,"minecraft:spider_eye":39,"tombstone:scroll_of_true_sight":1,"minecraft:slime_ball":5,"iceandfire:silver_sword":1,"minecraft:chainmail_leggings":1,"minecraft:iron_helmet":2,"minecraft:mossy_cobblestone_stairs":4,"iceandfire:ice_dragon_flesh":5,"minecraft:terracotta":1,"tombstone:magic_scroll":3,"minecraft:coal":57},"minecraft:dropped":{"minecraft:nether_brick_stairs":1,"useless_sword:silvillager":1,"minecraft:iron_sword":1,"minecraft:brown_mushroom":1,"minecraft:moss_block":1,"minecraft:candle":7,"minecraft:dark_oak_stairs":2,"minecraft:golden_pickaxe":1,"minecraft:glass_bottle":14,"minecraft:dark_oak_slab":1,"iceandfire:frozen_dirt":8,"born_in_chaos_v1:cultivated_pumpkin":2,"minecraft:lantern":4,"minecraft:leather":4,"minecraft:mossy_stone_brick_stairs":1,"minecraft:cracked_stone_bricks":6,"alexsmobs:bison_fur":5,"minecraft:flint":1,"sophisticatedbackpacks:gold_backpack":4,"minecraft:music_disc_11":1,"minecraft:red_mushroom":1,"minecraft:item_frame":7,"wom:ruine":2,"born_in_chaos_v1:monster_flesh":1,"minecraft:dirt":186,"minecraft:dark_oak_log":14,"minecraft:orange_carpet":1,"minecraft:mutton":19,"iceandfire:armor_silver_metal_leggings":1,"iceandfire:dragonscales_red":12,"minecraft:chain":1,"minecraft:writable_book":1,"minecraft:bone_meal":3,"born_in_chaos_v1:black_argillite_brick":2,"minecraft:iron_pickaxe":2,"iceandfire:armor_silver_metal_helmet":6,"minecraft:dark_oak_planks":51,"minecraft:birch_log":16,"ars_nouveau:wilden_horn":1,"minecraft:bone":28,"minecraft:gold_ingot":4,"minecraft:gravel":5,"minecraft:stone_axe":2,"wom:agony":1,"minecraft:golden_chestplate":1,"alexsmobs:animal_dictionary":1,"ars_nouveau:purple_archwood_sapling":4,"minecraft:birch_sapling":14,"minecraft:wheat":2,"paraglider:goddess_statue":1,"minecraft:rotten_flesh":32,"minecraft:oak_planks":7,"minecraft:diamond_shovel":2,"iceandfire:frozen_stone":1,"minecraft:light_gray_carpet":9,"minecraft:cooked_mutton":1,"minecraft:azure_bluet":10,"patchouli:guide_book":1,"minecraft:leather_chestplate":1,"minecraft:tipped_arrow":7,"born_in_chaos_v1:corpse_maggot":19,"minecraft:stone_brick_wall":1,"minecraft:leather_boots":3,"minecraft:chainmail_boots":2,"minecraft:chest":3,"minecraft:birch_door":1,"minecraft:leather_leggings":2,"minecraft:iron_bars":16,"minecraft:arrow":59,"minecraft:beef":9,"minecraft:stone_brick_stairs":2,"minecraft:enchanted_book":6,"minecraft:water_bucket":2,"minecraft:iron_ingot":17,"born_in_chaos_v1:intoxicating_decoction":2,"minecraft:stripped_spruce_log":17,"minecraft:wheat_seeds":8,"ars_nouveau:pierce_arrow":1,"minecraft:golden_helmet":4,"minecraft:mossy_cobblestone":1,"minecraft:golden_horse_armor":1,"minecraft:poisonous_potato":1,"minecraft:iron_helmet":1,"minecraft:feather":2,"minecraft:cobblestone":9,"minecraft:book":64,"iceandfire:frozen_gravel":3,"minecraft:spruce_button":2,"ars_nouveau:purple_archwood_log":80,"minecraft:spruce_stairs":3,"minecraft:coal":38,"minecraft:golden_apple":9,"minecraft:coal_block":1,"minecraft:stick":10,"minecraft:polished_andesite":7,"minecraft:cobweb":33,"ars_nouveau:worn_notebook":1,"born_in_chaos_v1:gnawed_bones":1,"minecraft:deepslate_brick_stairs":1,"born_in_chaos_v1:black_argillite":8,"iceandfire:copper_nugget":4,"minecraft:torch":26,"minecraft:green_dye":2,"tombstone:grave_key":1,"iceandfire:silver_sword":2,"tombstone:grave_dust":5,"minecraft:potion":11,"minecraft:iron_leggings":3,"minecraft:polished_andesite_stairs":1,"minecraft:iron_axe":2,"artifacts:feral_claws":1,"minecraft:chainmail_leggings":3,"minecraft:string":36,"minecraft:tripwire_hook":1,"minecraft:blue_carpet":2,"minecraft:bucket":1,"minecraft:gray_carpet":10,"epicfight:stray_pants":1,"ars_nouveau:caster_tome":4,"tombstone:familiar_stone":1,"alexsmobs:maggot":1,"minecraft:sweet_berries":2,"born_in_chaos_v1:black_argillite_brick_stairs":1,"minecraft:light_gray_terracotta":4,"minecraft:experience_bottle":16,"minecraft:raw_iron":24,"minecraft:white_carpet":1,"minecraft:polished_deepslate_slab":2,"minecraft:cobbled_deepslate_slab":1,"minecraft:nether_bricks":1,"minecraft:oak_sign":3,"minecraft:diamond_sword":4,"minecraft:potato":1,"minecraft:hay_block":3,"minecraft:shield":3,"minecraft:flower_pot":1,"minecraft:allium":7,"iceandfire:frozen_splinters":2,"alexsmobs:cockroach_wing_fragment":1,"minecraft:spruce_planks":1,"minecraft:iron_chestplate":1,"minecraft:diamond_pickaxe":1,"minecraft:mossy_stone_bricks":4,"minecraft:golden_leggings":5,"minecraft:spider_eye":13,"minecraft:stone_bricks":13,"minecraft:slime_ball":4,"minecraft:bow":5,"minecraft:stone_pickaxe":3,"minecraft:wooden_pickaxe":1,"epicfight:skillbook":1},"minecraft:killed":{"born_in_chaos_v1:zombie_clown":2,"alexsmobs:hummingbird":5,"minecraft:cave_spider":8,"iceandfire:hippogryph":1,"graveyard:skeleton_creeper":1,"born_in_chaos_v1:restless_spirit":1,"born_in_chaos_v1:skeleton_demoman":1,"minecraft:spider":24,"born_in_chaos_v1:baby_skeleton_minion":3,"minecraft:skeleton":23,"realmrpg_demons:chort":3,"born_in_chaos_v1:baby_skeleton_2":1,"born_in_chaos_v1:supreme_bonescaller_stage_2":2,"born_in_chaos_v1:firelight_not_despawn":3,"born_in_chaos_v1:bonescaller":1,"minecraft:pig":2,"born_in_chaos_v1:wither_scuttler":1,"minecraft:creeper":1,"minecraft:sheep":1,"minecraft:pillager":9,"minecraft:zombie":33,"born_in_chaos_v1:dread_hound":4,"born_in_chaos_v1:corpse_fly":24,"minecraft:stray":8,"alexsmobs:fly":1,"minecraft:cow":2,"minecraft:evoker":2,"minecraft:vex":1,"alexsmobs:raccoon":1,"born_in_chaos_v1:zombie_clown_not_despawn":1,"minecraft:vindicator":2,"alexsmobs:tasmanian_devil":1,"born_in_chaos_v1:maggot":14,"alexsmobs:bison":1,"born_in_chaos_v1:bone_imp_minion":3,"born_in_chaos_v1:swarmer":1,"born_in_chaos_v1:decrepit_skeleton":6,"ars_nouveau:wilden_stalker":1,"iceandfire:ghost":14,"born_in_chaos_v1:bonescaller_not_despawn":1,"born_in_chaos_v1:nightmare_stalker":1,"iceandfire:ice_dragon":1,"alexsmobs:crow":1,"ars_nouveau:wilden_hunter":2}},"DataVersion":2975}