{"stats":{"minecraft:crafted":{"minecraft:bone_meal":123,"minecraft:iron_hoe":1,"minecraft:stone_pickaxe":1,"minecraft:chest":4,"minecraft:birch_door":3,"sophisticatedbackpacks:iron_backpack":1,"minecraft:wheat":108,"sophisticatedbackpacks:backpack":1,"minecraft:crafting_table":3,"minecraft:spruce_planks":52,"minecraft:wooden_pickaxe":1,"minecraft:iron_helmet":1,"sophisticatedbackpacks:gold_backpack":1,"minecraft:bucket":1,"minecraft:birch_planks":68,"minecraft:bread":28,"minecraft:stick":12,"minecraft:iron_ingot":18,"minecraft:iron_pickaxe":1,"minecraft:wooden_axe":1,"minecraft:white_bed":1},"minecraft:custom":{"minecraft:mob_kills":105,"minecraft:interact_with_crafting_table":25,"minecraft:open_barrel":19,"minecraft:damage_dealt_resisted":3903,"minecraft:leave_game":5,"minecraft:time_since_death":18662,"minecraft:climb_one_cm":6853,"minecraft:sprint_one_cm":846508,"minecraft:walk_one_cm":1351010,"minecraft:damage_blocked_by_shield":170,"minecraft:drop":70,"minecraft:damage_dealt_absorbed":10,"minecraft:play_time":308534,"minecraft:deaths":19,"minecraft:sneak_time":2778,"minecraft:walk_under_water_one_cm":8562,"minecraft:jump":1409,"minecraft:walk_on_water_one_cm":19909,"minecraft:total_world_time":308534,"minecraft:interact_with_furnace":1,"tombstone:raider_killed":4,"minecraft:sleep_in_bed":10,"minecraft:time_since_rest":9605,"minecraft:damage_taken":7565,"minecraft:damage_absorbed":92,"minecraft:damage_dealt":18503,"minecraft:player_kills":5,"minecraft:swim_one_cm":4237,"minecraft:fly_one_cm":602351,"minecraft:open_chest":342,"minecraft:crouch_one_cm":17358,"tombstone:undead_killed":47,"minecraft:fall_one_cm":18363},"minecraft:used":{"minecraft:iron_bars":11,"minecraft:chest":3,"minecraft:shield":10,"minecraft:iron_sword":47,"minecraft:rotten_flesh":5,"minecraft:torch":17,"minecraft:dirt":28,"minecraft:chainmail_chestplate":1,"minecraft:birch_door":3,"minecraft:iron_hoe":81,"minecraft:wooden_axe":46,"born_in_chaos_v1:smoked_flesh":10,"minecraft:spruce_button":1,"minecraft:iron_helmet":1,"born_in_chaos_v1:gnawed_bones":2,"minecraft:warped_fungus":2,"tombstone:gift":3,"minecraft:potato":138,"minecraft:cooked_beef":10,"sophisticatedbackpacks:gold_backpack":1,"minecraft:water_bucket":1,"minecraft:cobblestone_stairs":1,"minecraft:birch_planks":59,"minecraft:baked_potato":4,"minecraft:stone_pickaxe":27,"minecraft:wooden_pickaxe":20,"minecraft:leather_chestplate":1,"useless_sword:pillager_dagger":360,"minecraft:terracotta":1,"minecraft:crafting_table":4,"minecraft:white_bed":1,"minecraft:flower_pot":2,"minecraft:apple":3,"born_in_chaos_v1:monster_flesh":1,"minecraft:bread":24,"minecraft:iron_pickaxe":37,"minecraft:iron_door":1,"minecraft:stone_axe":56,"graveyard:upper_bone_staff":4,"minecraft:cobblestone":3,"minecraft:potion":2,"minecraft:chainmail_boots":3,"minecraft:cooked_porkchop":3,"minecraft:bucket":1,"minecraft:cooked_rabbit":4,"minecraft:birch_log":1,"alexsmobs:animal_dictionary":1,"minecraft:bone_meal":123,"minecraft:candle":5,"minecraft:chainmail_leggings":1},"minecraft:mined":{"minecraft:red_carpet":3,"minecraft:spruce_planks":1,"minecraft:candle":4,"sophisticatedbackpacks:gold_backpack":1,"minecraft:brewing_stand":3,"minecraft:grass_block":7,"born_in_chaos_v1:gnawed_bones":3,"minecraft:spawner":29,"minecraft:potted_warped_fungus":1,"minecraft:hay_block":12,"graveyard:upper_bone_staff":5,"treechop:chopped_log":8,"minecraft:bookshelf":24,"minecraft:potatoes":49,"minecraft:vine":2,"minecraft:iron_bars":16,"minecraft:stone":2,"minecraft:iron_block":2,"minecraft:white_wool":7,"minecraft:brown_carpet":3,"minecraft:crafting_table":1,"minecraft:torch":2,"minecraft:spruce_button":1,"minecraft:cobblestone":5,"minecraft:iron_door":1,"minecraft:wall_torch":5,"minecraft:skeleton_skull":1,"minecraft:chain":4,"minecraft:birch_planks":10,"ars_nouveau:blue_archwood_log":1,"minecraft:warped_fungus":1,"minecraft:birch_leaves":1,"minecraft:birch_door":2,"minecraft:tnt":2,"minecraft:grass":3,"minecraft:gravel":3,"minecraft:flower_pot":1,"minecraft:dirt":18,"minecraft:cobweb":2,"minecraft:terracotta":1,"minecraft:wither_skeleton_skull":1},"minecraft:broken":{"useless_sword:pillager_dagger":1,"minecraft:leather_chestplate":1,"minecraft:wooden_axe":1},"minecraft:killed_by":{"minecraft:evoker":1,"minecraft:player":7,"realmrpg_demons:chort":1,"minecraft:stray":1,"minecraft:vindicator":1,"minecraft:skeleton":3,"born_in_chaos_v1:supreme_bonescaller_not_despawn":1,"minecraft:zombie":1,"born_in_chaos_v1:bonescaller_not_despawn":2,"minecraft:vex":1},"minecraft:picked_up":{"sophisticatedbackpacks:gold_backpack":1,"ars_nouveau:caster_tome":1,"minecraft:birch_door":2,"minecraft:crafting_table":1,"minecraft:iron_chestplate":1,"minecraft:wheat":3,"minecraft:chainmail_boots":1,"minecraft:flower_pot":3,"born_in_chaos_v1:seedof_chaos":5,"ars_nouveau:blue_archwood_sapling":3,"minecraft:potion":4,"tombstone:grave_key":1,"minecraft:chain":3,"minecraft:brewing_stand":3,"minecraft:shield":1,"epicfight:stray_pants":2,"minecraft:string":27,"minecraft:iron_axe":2,"born_in_chaos_v1:intoxicating_decoction":5,"minecraft:oak_sign":3,"minecraft:candle":8,"minecraft:spruce_planks":1,"minecraft:beef":3,"born_in_chaos_v1:gnawed_bones":3,"minecraft:birch_sapling":32,"minecraft:tipped_arrow":3,"minecraft:stick":7,"minecraft:torch":11,"ars_nouveau:blue_archwood_log":13,"epicfight:skillbook":6,"tombstone:grave_dust":7,"minecraft:brown_carpet":3,"minecraft:tnt":2,"minecraft:arrow":21,"minecraft:rotten_flesh":25,"minecraft:hay_block":12,"minecraft:iron_block":2,"minecraft:totem_of_undying":2,"minecraft:gold_ingot":4,"minecraft:iron_bars":21,"minecraft:skeleton_skull":1,"minecraft:white_wool":7,"minecraft:cobblestone":6,"minecraft:birch_log":67,"born_in_chaos_v1:corpse_maggot":18,"born_in_chaos_v1:monster_flesh":1,"minecraft:iron_door":1,"minecraft:golden_leggings":2,"minecraft:potato":184,"minecraft:birch_planks":74,"paraglider:spirit_orb":66,"minecraft:flint":1,"minecraft:wither_skeleton_skull":4,"minecraft:gunpowder":1,"minecraft:cobblestone_stairs":1,"minecraft:dirt":26,"born_in_chaos_v1:monster_skin":1,"minecraft:red_carpet":3,"minecraft:bone":37,"minecraft:gray_carpet":7,"minecraft:bow":1,"alexsmobs:cockroach_wing_fragment":1,"minecraft:iron_ingot":1,"minecraft:book":72,"minecraft:warped_fungus":2,"born_in_chaos_v1:orbofthe_summoner":4,"minecraft:poisonous_potato":1,"minecraft:gravel":2,"minecraft:stripped_spruce_log":13,"minecraft:spider_eye":16,"minecraft:bundle":3,"graveyard:upper_bone_staff":5,"minecraft:chainmail_leggings":1,"minecraft:spruce_button":2,"minecraft:emerald":2,"minecraft:terracotta":1,"tombstone:magic_scroll":1,"minecraft:light_gray_carpet":5,"minecraft:coal":2},"minecraft:dropped":{"useless_sword:silvillager":1,"born_in_chaos_v1:intoxicating_decoction":1,"minecraft:iron_sword":1,"minecraft:candle":2,"minecraft:glass_bottle":2,"minecraft:poisonous_potato":1,"minecraft:leather":4,"minecraft:spruce_button":1,"minecraft:stick":1,"minecraft:flint":1,"minecraft:dirt":1,"ars_nouveau:worn_notebook":1,"tombstone:grave_key":1,"tombstone:grave_dust":1,"minecraft:potion":2,"minecraft:chain":1,"minecraft:iron_axe":2,"minecraft:chainmail_leggings":3,"ars_nouveau:wilden_horn":1,"minecraft:birch_log":14,"minecraft:gray_carpet":7,"epicfight:stray_pants":1,"minecraft:bone":7,"ars_nouveau:caster_tome":1,"minecraft:gold_ingot":4,"minecraft:gravel":2,"alexsmobs:animal_dictionary":1,"minecraft:birch_sapling":13,"minecraft:wheat":1,"minecraft:rotten_flesh":3,"minecraft:light_gray_carpet":5,"minecraft:oak_sign":3,"patchouli:guide_book":1,"minecraft:tipped_arrow":2,"minecraft:shield":2,"minecraft:flower_pot":1,"alexsmobs:cockroach_wing_fragment":1,"minecraft:iron_chestplate":1,"born_in_chaos_v1:corpse_maggot":5,"minecraft:golden_leggings":1,"minecraft:chainmail_boots":1,"minecraft:spider_eye":5,"minecraft:iron_bars":6,"minecraft:wooden_pickaxe":1,"minecraft:stone_pickaxe":1,"minecraft:beef":3},"minecraft:killed":{"born_in_chaos_v1:zombie_clown":1,"minecraft:evoker":2,"minecraft:vex":1,"minecraft:cave_spider":5,"born_in_chaos_v1:zombie_clown_not_despawn":1,"minecraft:vindicator":2,"minecraft:spider":16,"born_in_chaos_v1:baby_skeleton_minion":3,"born_in_chaos_v1:maggot":6,"minecraft:skeleton":14,"realmrpg_demons:chort":2,"born_in_chaos_v1:supreme_bonescaller_stage_2":1,"born_in_chaos_v1:bonescaller":1,"born_in_chaos_v1:bone_imp_minion":2,"minecraft:creeper":1,"born_in_chaos_v1:decrepit_skeleton":3,"minecraft:zombie":15,"ars_nouveau:wilden_stalker":1,"iceandfire:ghost":1,"minecraft:stray":4,"born_in_chaos_v1:corpse_fly":18,"born_in_chaos_v1:bonescaller_not_despawn":1,"alexsmobs:crow":1,"minecraft:cow":1}},"DataVersion":2975}