{"stats":{"minecraft:crafted":{"minecraft:chest":5,"minecraft:birch_door":3,"sophisticatedbackpacks:backpack":2,"minecraft:crafting_table":3,"minecraft:spruce_planks":52,"minecraft:wooden_pickaxe":1,"minecraft:iron_helmet":1,"minecraft:birch_planks":68,"minecraft:stick":12,"minecraft:iron_pickaxe":1,"minecraft:iron_ingot":18,"minecraft:bone_meal":123,"minecraft:iron_hoe":1,"minecraft:stone_pickaxe":1,"minecraft:wheat":108,"sophisticatedbackpacks:iron_backpack":2,"paraglider:paraglider":1,"sophisticatedbackpacks:gold_backpack":3,"minecraft:bucket":1,"minecraft:bread":28,"minecraft:wooden_axe":1,"minecraft:white_bed":1},"minecraft:custom":{"minecraft:interact_with_crafting_table":35,"minecraft:open_barrel":21,"minecraft:leave_game":5,"minecraft:time_since_death":60510,"minecraft:sprint_one_cm":956539,"minecraft:damage_blocked_by_shield":360,"minecraft:drop":123,"minecraft:play_time":350382,"minecraft:deaths":19,"tombstone:tomb_raiding":1,"minecraft:jump":1845,"minecraft:walk_on_water_one_cm":24728,"minecraft:interact_with_furnace":1,"minecraft:sleep_in_bed":11,"minecraft:damage_dealt":20437,"minecraft:player_kills":7,"minecraft:crouch_one_cm":22526,"tombstone:undead_killed":48,"minecraft:mob_kills":113,"minecraft:damage_dealt_resisted":3903,"minecraft:climb_one_cm":7431,"minecraft:walk_one_cm":1618190,"minecraft:damage_dealt_absorbed":10,"minecraft:sneak_time":3629,"minecraft:walk_under_water_one_cm":9332,"minecraft:total_world_time":350382,"tombstone:raider_killed":5,"minecraft:time_since_rest":9850,"minecraft:damage_absorbed":92,"minecraft:damage_taken":9032,"minecraft:swim_one_cm":4237,"minecraft:fly_one_cm":689764,"minecraft:open_chest":357,"minecraft:fall_one_cm":26781},"minecraft:used":{"minecraft:writable_book":1,"minecraft:chest":3,"minecraft:shield":17,"minecraft:iron_sword":77,"minecraft:rotten_flesh":5,"minecraft:carrot":4,"born_in_chaos_v1:smoked_flesh":34,"minecraft:iron_helmet":1,"born_in_chaos_v1:gnawed_bones":2,"minecraft:warped_fungus":2,"minecraft:potato":138,"minecraft:stone_pickaxe":27,"minecraft:leather_chestplate":1,"minecraft:wooden_pickaxe":20,"born_in_chaos_v1:monster_flesh":1,"minecraft:bread":33,"minecraft:iron_door":1,"graveyard:upper_bone_staff":4,"minecraft:chainmail_boots":3,"minecraft:cooked_rabbit":4,"minecraft:birch_log":1,"minecraft:bone_meal":123,"minecraft:iron_bars":11,"minecraft:torch":17,"minecraft:dirt":28,"minecraft:chainmail_chestplate":1,"minecraft:birch_door":3,"minecraft:iron_hoe":81,"minecraft:wooden_axe":46,"minecraft:oak_stairs":1,"minecraft:spruce_button":1,"tombstone:gift":3,"minecraft:cooked_beef":10,"minecraft:powder_snow_bucket":1,"sophisticatedbackpacks:gold_backpack":1,"minecraft:water_bucket":8,"minecraft:cobblestone_stairs":1,"minecraft:birch_planks":71,"minecraft:baked_potato":4,"useless_sword:pillager_dagger":360,"born_in_chaos_v1:black_argillite_brick_stairs":1,"minecraft:terracotta":1,"minecraft:crafting_table":5,"minecraft:white_bed":2,"minecraft:flower_pot":2,"minecraft:apple":4,"minecraft:iron_pickaxe":116,"minecraft:stone_axe":61,"minecraft:cobblestone":3,"minecraft:potion":3,"minecraft:cooked_porkchop":3,"minecraft:bucket":9,"alexsmobs:animal_dictionary":1,"minecraft:candle":5,"minecraft:chainmail_leggings":1},"minecraft:mined":{"minecraft:spruce_planks":1,"minecraft:white_bed":2,"sophisticatedbackpacks:gold_backpack":1,"minecraft:brewing_stand":3,"minecraft:grass_block":7,"born_in_chaos_v1:dark_metal_deposit":2,"minecraft:spawner":29,"minecraft:potted_warped_fungus":1,"born_in_chaos_v1:black_argillite_brick_stairs":2,"graveyard:upper_bone_staff":5,"minecraft:iron_bars":16,"minecraft:iron_block":2,"graveyard:middle_bone_staff":1,"minecraft:powder_snow":3,"iceandfire:dragon_ice_spikes":1,"minecraft:torch":2,"minecraft:chest":5,"minecraft:cobblestone":5,"minecraft:iron_door":1,"minecraft:wall_torch":5,"minecraft:skeleton_skull":1,"minecraft:chain":4,"minecraft:tnt":2,"minecraft:birch_door":2,"minecraft:warped_fungus":1,"born_in_chaos_v1:black_argillite_brick":2,"minecraft:grass":4,"minecraft:dirt":22,"minecraft:wither_skeleton_skull":1,"minecraft:red_carpet":3,"minecraft:candle":4,"iceandfire:frozen_stone":1,"born_in_chaos_v1:black_argillite":2,"born_in_chaos_v1:gnawed_bones":3,"minecraft:hay_block":12,"treechop:chopped_log":8,"minecraft:gold_block":1,"minecraft:bookshelf":24,"minecraft:potatoes":103,"minecraft:vine":2,"minecraft:stone":67,"minecraft:white_wool":7,"minecraft:brown_carpet":3,"minecraft:crafting_table":1,"minecraft:spruce_button":1,"minecraft:tall_grass":1,"minecraft:birch_planks":10,"ars_nouveau:blue_archwood_log":1,"minecraft:birch_leaves":1,"minecraft:gravel":3,"minecraft:flower_pot":1,"minecraft:cobweb":2,"minecraft:terracotta":1},"minecraft:broken":{"useless_sword:pillager_dagger":1,"minecraft:wooden_axe":1,"minecraft:leather_chestplate":1},"minecraft:killed_by":{"minecraft:evoker":1,"minecraft:vindicator":1,"born_in_chaos_v1:supreme_bonescaller_not_despawn":1,"minecraft:zombie":1,"born_in_chaos_v1:bonescaller_not_despawn":2,"minecraft:vex":1,"minecraft:player":7,"realmrpg_demons:chort":1,"minecraft:stray":1,"minecraft:skeleton":3},"minecraft:picked_up":{"ars_nouveau:caster_tome":2,"minecraft:iron_chestplate":1,"minecraft:birch_door":3,"minecraft:wheat":3,"minecraft:chainmail_boots":1,"minecraft:flower_pot":3,"minecraft:lead":1,"ars_nouveau:pierce_arrow":17,"minecraft:oak_stairs":1,"minecraft:potion":8,"minecraft:enchanted_book":2,"tombstone:grave_key":1,"minecraft:brewing_stand":3,"born_in_chaos_v1:black_argillite":1,"minecraft:string":29,"minecraft:oak_sign":3,"minecraft:spruce_planks":54,"minecraft:tipped_arrow":3,"minecraft:stick":13,"minecraft:torch":12,"minecraft:spruce_stairs":3,"epicfight:skillbook":6,"born_in_chaos_v1:pileof_dark_metal":1,"minecraft:porkchop":2,"tombstone:grave_dust":14,"born_in_chaos_v1:nightmare_claw":1,"born_in_chaos_v1:black_argillite_brick_stairs":2,"minecraft:golden_chestplate":1,"minecraft:brown_carpet":3,"minecraft:rotten_flesh":42,"minecraft:iron_block":2,"born_in_chaos_v1:cultivated_pumpkin":2,"minecraft:iron_bars":25,"minecraft:cobblestone":71,"minecraft:birch_log":112,"minecraft:iron_door":1,"minecraft:golden_leggings":2,"minecraft:potato":240,"paraglider:spirit_orb":76,"minecraft:flint":1,"minecraft:wither_skeleton_skull":4,"minecraft:lapis_lazuli":6,"minecraft:dirt":78,"born_in_chaos_v1:bottle_of_magical_energy":1,"minecraft:name_tag":2,"born_in_chaos_v1:monster_skin":1,"minecraft:leather_boots":1,"minecraft:bone":74,"minecraft:bow":2,"minecraft:wheat_seeds":1,"minecraft:poisonous_potato":1,"minecraft:stripped_spruce_log":30,"graveyard:upper_bone_staff":6,"minecraft:bundle":5,"minecraft:iron_hoe":1,"minecraft:light_gray_terracotta":4,"born_in_chaos_v1:fire_dust":2,"minecraft:spruce_button":2,"minecraft:emerald":2,"minecraft:light_gray_carpet":9,"sophisticatedbackpacks:gold_backpack":1,"minecraft:crafting_table":2,"born_in_chaos_v1:seedof_chaos":5,"minecraft:leather_leggings":1,"ars_nouveau:blue_archwood_sapling":6,"minecraft:diamond_horse_armor":2,"minecraft:chain":5,"minecraft:shield":2,"epicfight:stray_pants":2,"ars_nouveau:amplify_arrow":19,"iceandfire:frozen_stone":1,"minecraft:iron_axe":2,"born_in_chaos_v1:intoxicating_decoction":9,"minecraft:iron_shovel":1,"born_in_chaos_v1:black_argillite_brick":1,"minecraft:candle":10,"minecraft:beef":3,"born_in_chaos_v1:gnawed_bones":4,"born_in_chaos_v1:spiritinabottle":3,"minecraft:chest":4,"minecraft:birch_sapling":33,"minecraft:phantom_membrane":9,"ars_nouveau:blue_archwood_log":26,"ars_nouveau:purple_archwood_sapling":1,"born_in_chaos_v1:pieceofdarkmetal":18,"minecraft:carrot":28,"minecraft:tnt":10,"minecraft:arrow":84,"minecraft:hay_block":12,"minecraft:totem_of_undying":2,"minecraft:gold_ingot":4,"minecraft:saddle":1,"minecraft:white_wool":8,"minecraft:skeleton_skull":2,"born_in_chaos_v1:corpse_maggot":31,"born_in_chaos_v1:monster_flesh":10,"minecraft:golden_carrot":4,"minecraft:leather":5,"minecraft:birch_planks":141,"minecraft:gunpowder":36,"minecraft:cobblestone_stairs":1,"minecraft:red_carpet":3,"minecraft:gray_carpet":10,"minecraft:apple":1,"minecraft:stone_bricks":84,"alexsmobs:cockroach_wing_fragment":1,"minecraft:rabbit_hide":2,"minecraft:iron_ingot":1,"born_in_chaos_v1:smoked_flesh":25,"minecraft:book":148,"minecraft:warped_fungus":2,"born_in_chaos_v1:orbofthe_summoner":4,"born_in_chaos_v1:ethereal_spirit":3,"minecraft:gravel":2,"minecraft:white_bed":2,"graveyard:middle_bone_staff":1,"minecraft:spider_eye":28,"minecraft:chainmail_leggings":1,"minecraft:terracotta":1,"tombstone:magic_scroll":1,"minecraft:coal":47},"minecraft:dropped":{"useless_sword:silvillager":1,"minecraft:iron_sword":1,"minecraft:candle":7,"minecraft:glass_bottle":3,"born_in_chaos_v1:cultivated_pumpkin":2,"minecraft:leather":4,"wom:ruine":1,"minecraft:flint":1,"sophisticatedbackpacks:gold_backpack":1,"minecraft:dirt":41,"minecraft:mutton":6,"minecraft:chain":1,"minecraft:writable_book":1,"born_in_chaos_v1:black_argillite_brick":1,"minecraft:birch_log":16,"ars_nouveau:wilden_horn":1,"minecraft:gold_ingot":4,"minecraft:bone":7,"minecraft:gravel":2,"minecraft:stone_axe":1,"alexsmobs:animal_dictionary":1,"ars_nouveau:purple_archwood_sapling":4,"minecraft:wheat":1,"minecraft:birch_sapling":14,"minecraft:rotten_flesh":3,"minecraft:light_gray_carpet":9,"patchouli:guide_book":1,"minecraft:tipped_arrow":2,"minecraft:chest":3,"born_in_chaos_v1:corpse_maggot":5,"minecraft:leather_boots":1,"minecraft:birch_door":1,"minecraft:chainmail_boots":1,"minecraft:iron_bars":10,"minecraft:arrow":57,"minecraft:beef":3,"minecraft:enchanted_book":1,"born_in_chaos_v1:intoxicating_decoction":1,"minecraft:stripped_spruce_log":17,"minecraft:wheat_seeds":1,"ars_nouveau:pierce_arrow":1,"minecraft:poisonous_potato":1,"minecraft:cobblestone":1,"minecraft:spruce_button":1,"ars_nouveau:purple_archwood_log":40,"minecraft:spruce_stairs":3,"minecraft:stick":5,"minecraft:cobweb":33,"ars_nouveau:worn_notebook":1,"born_in_chaos_v1:black_argillite":1,"tombstone:grave_key":1,"tombstone:grave_dust":1,"minecraft:potion":3,"minecraft:iron_axe":2,"minecraft:chainmail_leggings":3,"minecraft:bucket":1,"minecraft:gray_carpet":10,"epicfight:stray_pants":1,"ars_nouveau:caster_tome":2,"tombstone:familiar_stone":1,"born_in_chaos_v1:black_argillite_brick_stairs":1,"minecraft:light_gray_terracotta":4,"minecraft:oak_sign":3,"minecraft:diamond_sword":1,"minecraft:hay_block":3,"minecraft:shield":2,"minecraft:flower_pot":1,"alexsmobs:cockroach_wing_fragment":1,"minecraft:spruce_planks":1,"minecraft:iron_chestplate":1,"minecraft:golden_leggings":1,"minecraft:spider_eye":5,"minecraft:bow":3,"minecraft:stone_pickaxe":1,"minecraft:wooden_pickaxe":1},"minecraft:killed":{"born_in_chaos_v1:zombie_clown":1,"minecraft:cave_spider":5,"born_in_chaos_v1:restless_spirit":1,"minecraft:spider":17,"born_in_chaos_v1:baby_skeleton_minion":3,"minecraft:skeleton":14,"realmrpg_demons:chort":2,"born_in_chaos_v1:supreme_bonescaller_stage_2":1,"born_in_chaos_v1:firelight_not_despawn":2,"born_in_chaos_v1:bonescaller":1,"minecraft:pig":1,"minecraft:creeper":1,"minecraft:pillager":1,"minecraft:zombie":16,"born_in_chaos_v1:corpse_fly":18,"minecraft:stray":4,"minecraft:cow":1,"minecraft:evoker":2,"minecraft:vex":1,"born_in_chaos_v1:zombie_clown_not_despawn":1,"minecraft:vindicator":2,"born_in_chaos_v1:maggot":6,"born_in_chaos_v1:bone_imp_minion":2,"born_in_chaos_v1:decrepit_skeleton":3,"iceandfire:ghost":1,"ars_nouveau:wilden_stalker":1,"born_in_chaos_v1:bonescaller_not_despawn":1,"alexsmobs:crow":1}},"DataVersion":2975}