{"stats":{"minecraft:picked_up":{"ars_nouveau:caster_tome":2,"minecraft:iron_chestplate":1,"minecraft:birch_door":3,"minecraft:wheat":3,"minecraft:chainmail_boots":2,"minecraft:flower_pot":6,"minecraft:lead":1,"ars_nouveau:pierce_arrow":43,"minecraft:oak_stairs":1,"minecraft:potion":9,"minecraft:enchanted_book":4,"minecraft:stone_brick_stairs":4,"tombstone:grave_key":1,"minecraft:brewing_stand":3,"born_in_chaos_v1:black_argillite":8,"iceandfire:manuscript":8,"minecraft:string":46,"minecraft:raw_copper":3,"minecraft:iron_leggings":2,"minecraft:oak_sign":3,"minecraft:spruce_planks":54,"alexsmobs:raccoon_tail":1,"iceandfire:frozen_gravel":1,"minecraft:melon_slice":7,"minecraft:iron_boots":1,"minecraft:tipped_arrow":4,"minecraft:stick":18,"minecraft:torch":17,"minecraft:spruce_stairs":3,"epicfight:skillbook":9,"born_in_chaos_v1:pileof_dark_metal":1,"minecraft:porkchop":2,"tombstone:grave_dust":26,"born_in_chaos_v1:nightmare_claw":2,"born_in_chaos_v1:black_argillite_brick_stairs":3,"minecraft:golden_chestplate":2,"minecraft:brown_carpet":3,"minecraft:cactus":1,"minecraft:rotten_flesh":76,"minecraft:iron_block":2,"born_in_chaos_v1:cultivated_pumpkin":2,"epicfight:stray_robe":1,"minecraft:iron_bars":33,"ars_nouveau:drygmy_shard":1,"minecraft:cobblestone":79,"minecraft:birch_log":112,"minecraft:leather_chestplate":3,"minecraft:feather":2,"minecraft:iron_door":1,"minecraft:golden_leggings":2,"minecraft:smoker":1,"minecraft:potato":240,"paraglider:spirit_orb":111,"minecraft:flint":3,"minecraft:wither_skeleton_skull":4,"minecraft:lapis_lazuli":17,"minecraft:dirt":89,"born_in_chaos_v1:nightmare_stalker_skull":1,"born_in_chaos_v1:bottle_of_magical_energy":1,"minecraft:name_tag":2,"born_in_chaos_v1:monster_skin":7,"minecraft:leather_boots":4,"minecraft:bone":105,"minecraft:bow":2,"minecraft:wheat_seeds":2,"minecraft:mossy_stone_bricks":7,"minecraft:diamond_helmet":1,"minecraft:mossy_stone_brick_stairs":2,"minecraft:poisonous_potato":1,"minecraft:nether_brick_stairs":1,"minecraft:stripped_spruce_log":30,"minecraft:dead_bush":7,"minecraft:dark_oak_log":9,"iceandfire:frozen_dirt":4,"ars_nouveau:wilden_horn":5,"minecraft:mossy_cobblestone":10,"minecraft:bundle":5,"graveyard:upper_bone_staff":6,"minecraft:iron_hoe":1,"minecraft:light_gray_terracotta":4,"born_in_chaos_v1:fire_dust":4,"tombstone:familiar_stone":1,"minecraft:granite":5,"minecraft:bone_meal":3,"minecraft:spruce_button":2,"minecraft:golden_horse_armor":1,"minecraft:emerald":2,"minecraft:light_gray_carpet":9,"iceandfire:silver_nugget":52,"sophisticatedbackpacks:gold_backpack":1,"minecraft:crafting_table":3,"iceandfire:witherbone":2,"born_in_chaos_v1:seedof_chaos":5,"minecraft:leather_leggings":3,"minecraft:brown_mushroom":1,"ars_nouveau:blue_archwood_sapling":6,"minecraft:diamond_horse_armor":2,"minecraft:chain":6,"minecraft:shield":5,"epicfight:stray_pants":2,"ars_nouveau:amplify_arrow":19,"minecraft:cornflower":2,"iceandfire:frozen_grass":1,"iceandfire:frozen_splinters":1,"iceandfire:frozen_stone":1,"minecraft:iron_axe":2,"born_in_chaos_v1:intoxicating_decoction":12,"minecraft:iron_shovel":2,"born_in_chaos_v1:black_argillite_brick":2,"minecraft:cracked_stone_bricks":2,"minecraft:candle":10,"minecraft:beef":3,"born_in_chaos_v1:gnawed_bones":4,"born_in_chaos_v1:spiritinabottle":3,"minecraft:chest":8,"minecraft:birch_sapling":33,"minecraft:phantom_membrane":9,"iceandfire:ice_dragon_heart":2,"minecraft:raw_iron":19,"iceandfire:dragonbone":16,"ars_nouveau:purple_archwood_sapling":1,"ars_nouveau:blue_archwood_log":26,"born_in_chaos_v1:pieceofdarkmetal":21,"minecraft:carrot":28,"iceandfire:dragon_skull_ice":2,"minecraft:tnt":12,"minecraft:arrow":100,"minecraft:nether_bricks":1,"iceandfire:dragonscales_silver":23,"minecraft:hay_block":12,"minecraft:saddle":2,"minecraft:gold_ingot":8,"minecraft:totem_of_undying":2,"sophisticatedbackpacks:copper_backpack":1,"minecraft:mutton":1,"minecraft:skeleton_skull":2,"minecraft:white_wool":9,"born_in_chaos_v1:corpse_maggot":36,"minecraft:golden_carrot":4,"born_in_chaos_v1:monster_flesh":11,"minecraft:leather":5,"minecraft:birch_planks":147,"iceandfire:ectoplasm":5,"minecraft:gunpowder":51,"minecraft:cobblestone_stairs":1,"minecraft:deepslate_tile_slab":2,"minecraft:white_banner":2,"minecraft:red_carpet":3,"minecraft:stone_bricks":89,"minecraft:apple":4,"minecraft:gray_carpet":10,"iceandfire:armor_silver_metal_helmet":2,"alexsmobs:cockroach_wing_fragment":1,"minecraft:rabbit_hide":2,"born_in_chaos_v1:smoked_flesh":25,"minecraft:iron_ingot":9,"minecraft:stone_pickaxe":2,"minecraft:cobweb":2,"minecraft:glass_bottle":11,"minecraft:dark_oak_stairs":8,"minecraft:green_dye":2,"minecraft:book":148,"minecraft:warped_fungus":2,"minecraft:dark_oak_slab":1,"born_in_chaos_v1:orbofthe_summoner":4,"born_in_chaos_v1:ethereal_spirit":3,"minecraft:gravel":6,"minecraft:white_bed":6,"graveyard:middle_bone_staff":1,"minecraft:spider_eye":35,"tombstone:scroll_of_true_sight":1,"minecraft:slime_ball":5,"iceandfire:silver_sword":1,"minecraft:chainmail_leggings":1,"minecraft:iron_helmet":2,"minecraft:mossy_cobblestone_stairs":4,"iceandfire:ice_dragon_flesh":5,"minecraft:terracotta":1,"tombstone:magic_scroll":1,"minecraft:coal":53},"minecraft:dropped":{"minecraft:nether_brick_stairs":1,"useless_sword:silvillager":1,"minecraft:iron_sword":1,"minecraft:candle":7,"minecraft:brown_mushroom":1,"minecraft:dark_oak_stairs":2,"minecraft:glass_bottle":14,"minecraft:dark_oak_slab":1,"iceandfire:frozen_dirt":8,"born_in_chaos_v1:cultivated_pumpkin":2,"minecraft:leather":4,"minecraft:cracked_stone_bricks":1,"minecraft:flint":1,"sophisticatedbackpacks:gold_backpack":2,"wom:ruine":1,"minecraft:dirt":41,"minecraft:dark_oak_log":3,"minecraft:mutton":6,"iceandfire:armor_silver_metal_leggings":1,"minecraft:chain":1,"minecraft:writable_book":1,"minecraft:bone_meal":3,"born_in_chaos_v1:black_argillite_brick":2,"iceandfire:armor_silver_metal_helmet":6,"minecraft:birch_log":16,"ars_nouveau:wilden_horn":1,"minecraft:bone":16,"minecraft:gold_ingot":4,"minecraft:gravel":5,"minecraft:stone_axe":1,"minecraft:golden_chestplate":1,"alexsmobs:animal_dictionary":1,"ars_nouveau:purple_archwood_sapling":4,"minecraft:birch_sapling":14,"minecraft:wheat":2,"minecraft:rotten_flesh":3,"iceandfire:frozen_stone":1,"minecraft:light_gray_carpet":9,"patchouli:guide_book":1,"minecraft:leather_chestplate":1,"minecraft:tipped_arrow":2,"minecraft:chainmail_boots":2,"born_in_chaos_v1:corpse_maggot":9,"minecraft:leather_boots":3,"minecraft:chest":3,"minecraft:birch_door":1,"minecraft:leather_leggings":2,"minecraft:iron_bars":16,"minecraft:arrow":58,"minecraft:beef":3,"minecraft:stone_brick_stairs":2,"minecraft:enchanted_book":2,"born_in_chaos_v1:intoxicating_decoction":1,"minecraft:stripped_spruce_log":17,"ars_nouveau:pierce_arrow":1,"minecraft:wheat_seeds":2,"minecraft:mossy_cobblestone":1,"minecraft:golden_horse_armor":1,"minecraft:poisonous_potato":1,"minecraft:iron_helmet":1,"minecraft:cobblestone":2,"iceandfire:frozen_gravel":3,"minecraft:spruce_button":1,"ars_nouveau:purple_archwood_log":40,"minecraft:spruce_stairs":3,"minecraft:stick":9,"minecraft:cobweb":33,"ars_nouveau:worn_notebook":1,"born_in_chaos_v1:black_argillite":8,"minecraft:torch":25,"minecraft:green_dye":2,"tombstone:grave_key":1,"iceandfire:silver_sword":1,"tombstone:grave_dust":1,"minecraft:potion":3,"minecraft:iron_leggings":1,"minecraft:iron_axe":2,"artifacts:feral_claws":1,"minecraft:chainmail_leggings":3,"minecraft:string":36,"minecraft:bucket":1,"minecraft:tripwire_hook":1,"minecraft:gray_carpet":10,"epicfight:stray_pants":1,"ars_nouveau:caster_tome":2,"tombstone:familiar_stone":1,"minecraft:sweet_berries":2,"born_in_chaos_v1:black_argillite_brick_stairs":1,"minecraft:light_gray_terracotta":4,"minecraft:nether_bricks":1,"minecraft:oak_sign":3,"minecraft:diamond_sword":1,"minecraft:potato":1,"minecraft:hay_block":3,"minecraft:shield":3,"minecraft:flower_pot":1,"iceandfire:frozen_splinters":2,"alexsmobs:cockroach_wing_fragment":1,"minecraft:spruce_planks":1,"minecraft:iron_chestplate":1,"minecraft:mossy_stone_bricks":4,"minecraft:golden_leggings":1,"minecraft:spider_eye":9,"minecraft:stone_bricks":2,"minecraft:slime_ball":4,"minecraft:bow":3,"minecraft:stone_pickaxe":3,"minecraft:wooden_pickaxe":1},"minecraft:mined":{"minecraft:spruce_planks":1,"minecraft:white_bed":6,"sophisticatedbackpacks:gold_backpack":1,"minecraft:potted_cactus":1,"minecraft:brewing_stand":3,"minecraft:granite":5,"born_in_chaos_v1:dark_metal_deposit":5,"minecraft:grass_block":8,"minecraft:spawner":41,"minecraft:potted_warped_fungus":1,"minecraft:mossy_cobblestone_stairs":2,"minecraft:iron_ore":19,"born_in_chaos_v1:black_argillite_brick_stairs":3,"graveyard:upper_bone_staff":5,"minecraft:dark_oak_stairs":8,"minecraft:iron_bars":21,"minecraft:potted_cornflower":2,"minecraft:iron_block":2,"graveyard:middle_bone_staff":1,"minecraft:smoker":1,"minecraft:soul_fire":1,"minecraft:deepslate_tile_slab":2,"minecraft:powder_snow":8,"iceandfire:dragon_ice_spikes":3,"minecraft:torch":4,"minecraft:polished_andesite_stairs":1,"minecraft:chest":6,"minecraft:cobblestone":7,"minecraft:iron_door":1,"minecraft:wall_torch":5,"minecraft:skeleton_skull":1,"minecraft:chain":4,"minecraft:dark_oak_slab":1,"minecraft:stone_brick_stairs":2,"born_in_chaos_v1:black_argillite_brick":4,"minecraft:birch_door":2,"minecraft:warped_fungus":1,"minecraft:tnt":2,"minecraft:grass":4,"minecraft:dirt":33,"minecraft:wither_skeleton_skull":1,"minecraft:oak_leaves":1,"minecraft:red_carpet":3,"minecraft:mossy_cobblestone":1,"minecraft:candle":4,"iceandfire:frozen_stone":1,"born_in_chaos_v1:black_argillite":10,"born_in_chaos_v1:gnawed_bones":3,"minecraft:hay_block":12,"treechop:chopped_log":8,"minecraft:gold_block":1,"minecraft:bookshelf":24,"minecraft:potatoes":103,"minecraft:vine":8,"minecraft:stone":73,"minecraft:white_wool":7,"minecraft:brown_carpet":3,"minecraft:crafting_table":2,"minecraft:spruce_button":1,"minecraft:copper_ore":1,"minecraft:tall_grass":2,"born_in_chaos_v1:chipped_black_argillite_brick":1,"minecraft:birch_planks":16,"ars_nouveau:blue_archwood_log":1,"minecraft:birch_leaves":1,"minecraft:gravel":3,"minecraft:flower_pot":1,"minecraft:cobweb":2,"minecraft:terracotta":1,"minecraft:stone_bricks":2,"minecraft:mossy_stone_bricks":1,"minecraft:fern":2},"minecraft:custom":{"minecraft:interact_with_crafting_table":43,"minecraft:open_barrel":21,"minecraft:eat_cake_slice":2,"minecraft:leave_game":12,"minecraft:time_since_death":591,"minecraft:sprint_one_cm":1713565,"minecraft:damage_blocked_by_shield":2269,"minecraft:drop":212,"minecraft:play_time":564270,"minecraft:deaths":34,"tombstone:tomb_raiding":1,"minecraft:jump":4055,"minecraft:walk_on_water_one_cm":57760,"minecraft:interact_with_furnace":2,"minecraft:sleep_in_bed":17,"minecraft:damage_dealt":35647,"minecraft:player_kills":13,"minecraft:crouch_one_cm":34649,"tombstone:undead_killed":84,"minecraft:interact_with_smoker":3,"minecraft:mob_kills":178,"minecraft:damage_dealt_resisted":3983,"minecraft:climb_one_cm":13752,"minecraft:walk_one_cm":2471805,"minecraft:damage_dealt_absorbed":186,"minecraft:sneak_time":5769,"minecraft:walk_under_water_one_cm":22400,"minecraft:total_world_time":564270,"tombstone:raider_killed":13,"minecraft:raid_trigger":1,"minecraft:pot_flower":3,"minecraft:time_since_rest":616,"minecraft:damage_absorbed":92,"minecraft:damage_taken":2147483647,"minecraft:trigger_trapped_chest":3,"minecraft:swim_one_cm":14274,"minecraft:fly_one_cm":1570653,"minecraft:open_chest":458,"minecraft:fall_one_cm":61280},"minecraft:killed":{"born_in_chaos_v1:zombie_clown":2,"minecraft:cave_spider":8,"iceandfire:hippogryph":1,"graveyard:skeleton_creeper":1,"born_in_chaos_v1:restless_spirit":1,"born_in_chaos_v1:skeleton_demoman":1,"minecraft:spider":19,"born_in_chaos_v1:baby_skeleton_minion":3,"minecraft:skeleton":21,"realmrpg_demons:chort":2,"born_in_chaos_v1:supreme_bonescaller_stage_2":1,"born_in_chaos_v1:firelight_not_despawn":3,"born_in_chaos_v1:bonescaller":1,"minecraft:pig":1,"born_in_chaos_v1:wither_scuttler":1,"minecraft:creeper":1,"minecraft:sheep":1,"minecraft:pillager":9,"minecraft:zombie":30,"born_in_chaos_v1:dread_hound":1,"minecraft:stray":6,"born_in_chaos_v1:corpse_fly":18,"minecraft:cow":1,"minecraft:evoker":2,"minecraft:vex":1,"born_in_chaos_v1:zombie_clown_not_despawn":1,"alexsmobs:raccoon":1,"minecraft:vindicator":2,"alexsmobs:tasmanian_devil":1,"born_in_chaos_v1:maggot":10,"born_in_chaos_v1:bone_imp_minion":2,"born_in_chaos_v1:decrepit_skeleton":3,"ars_nouveau:wilden_stalker":1,"iceandfire:ghost":11,"born_in_chaos_v1:bonescaller_not_despawn":1,"born_in_chaos_v1:nightmare_stalker":1,"iceandfire:ice_dragon":1,"alexsmobs:crow":1,"ars_nouveau:wilden_hunter":2},"minecraft:killed_by":{"minecraft:evoker":1,"minecraft:creeper":1,"minecraft:pillager":1,"minecraft:vindicator":1,"iceandfire:ice_dragon":2,"born_in_chaos_v1:supreme_bonescaller_not_despawn":1,"minecraft:zombie":1,"born_in_chaos_v1:bonescaller_not_despawn":2,"minecraft:vex":1,"minecraft:player":11,"realmrpg_demons:chort":1,"minecraft:stray":2,"iceandfire:gorgon":3,"minecraft:skeleton":5,"iceandfire:ghost":1},"minecraft:crafted":{"minecraft:chest":6,"minecraft:birch_door":3,"minecraft:smoker":1,"sophisticatedbackpacks:backpack":2,"minecraft:cooked_porkchop":2,"minecraft:crafting_table":4,"minecraft:spruce_planks":52,"minecraft:wooden_pickaxe":1,"minecraft:iron_helmet":1,"minecraft:birch_planks":68,"minecraft:stick":12,"minecraft:iron_ingot":18,"minecraft:iron_pickaxe":1,"minecraft:coal":18,"minecraft:furnace":1,"minecraft:bone_meal":123,"minecraft:iron_hoe":1,"minecraft:stone_pickaxe":1,"minecraft:wheat":108,"sophisticatedbackpacks:iron_backpack":2,"minecraft:cooked_beef":6,"paraglider:paraglider":1,"sophisticatedbackpacks:gold_backpack":3,"minecraft:bucket":1,"minecraft:bread":28,"minecraft:air":0,"minecraft:wooden_axe":1,"minecraft:white_bed":1},"minecraft:used":{"minecraft:writable_book":1,"minecraft:chest":9,"minecraft:shield":55,"minecraft:iron_sword":350,"minecraft:rotten_flesh":5,"minecraft:carrot":20,"minecraft:deepslate_tile_slab":2,"iceandfire:frozen_grass":1,"wom:agony":3,"born_in_chaos_v1:smoked_flesh":35,"minecraft:iron_helmet":1,"born_in_chaos_v1:gnawed_bones":2,"minecraft:stone_bricks":13,"minecraft:warped_fungus":2,"minecraft:potato":138,"minecraft:dark_oak_stairs":6,"minecraft:mossy_stone_bricks":2,"minecraft:stone_pickaxe":27,"minecraft:wooden_pickaxe":20,"minecraft:leather_chestplate":1,"born_in_chaos_v1:monster_flesh":1,"minecraft:bread":33,"minecraft:iron_door":1,"graveyard:upper_bone_staff":4,"minecraft:chainmail_boots":3,"useless_sword:ravager_sword":10,"minecraft:cooked_rabbit":4,"minecraft:chain":1,"minecraft:birch_log":1,"minecraft:bone_meal":123,"minecraft:iron_bars":13,"minecraft:torch":40,"minecraft:dirt":39,"minecraft:chainmail_chestplate":1,"minecraft:granite":5,"minecraft:birch_door":3,"minecraft:iron_hoe":81,"minecraft:wooden_axe":46,"minecraft:oak_stairs":1,"minecraft:spruce_button":1,"tombstone:gift":7,"minecraft:cooked_beef":45,"minecraft:powder_snow_bucket":1,"sophisticatedbackpacks:gold_backpack":1,"minecraft:water_bucket":28,"minecraft:cobblestone_stairs":1,"minecraft:birch_planks":128,"minecraft:baked_potato":4,"useless_sword:pillager_dagger":360,"born_in_chaos_v1:black_argillite_brick_stairs":2,"minecraft:mossy_cobblestone":6,"minecraft:terracotta":1,"minecraft:crafting_table":7,"minecraft:white_bed":6,"minecraft:smoker":1,"minecraft:flower_pot":5,"minecraft:apple":4,"minecraft:iron_pickaxe":207,"minecraft:stone_axe":87,"minecraft:potion":4,"minecraft:cobblestone":32,"minecraft:cooked_porkchop":5,"minecraft:bucket":29,"alexsmobs:animal_dictionary":1,"minecraft:candle":5,"minecraft:chainmail_leggings":1},"minecraft:broken":{"useless_sword:pillager_dagger":1,"minecraft:chainmail_boots":1,"minecraft:chainmail_chestplate":1,"useless_sword:ravager_sword":1,"minecraft:iron_sword":1,"minecraft:wooden_axe":1,"minecraft:golden_chestplate":1,"minecraft:leather_chestplate":2}},"DataVersion":2975}