{"stats":{"minecraft:killed_by":{"minecraft:player":6,"minecraft:creeper":1,"minecraft:spider":1,"minecraft:pillager":1,"born_in_chaos_v1:corpse_fly":1,"minecraft:zombie":1,"minecraft:vex":3},"minecraft:custom":{"minecraft:mob_kills":82,"minecraft:interact_with_crafting_table":17,"minecraft:open_barrel":64,"minecraft:damage_dealt_resisted":1009,"minecraft:leave_game":2,"minecraft:time_since_death":45477,"minecraft:climb_one_cm":3501,"minecraft:sprint_one_cm":1327516,"minecraft:walk_one_cm":560303,"minecraft:drop":32,"minecraft:play_noteblock":1,"minecraft:damage_dealt_absorbed":35,"minecraft:play_time":156597,"minecraft:deaths":17,"minecraft:sneak_time":5698,"minecraft:walk_under_water_one_cm":3763,"minecraft:jump":1827,"minecraft:walk_on_water_one_cm":7395,"minecraft:total_world_time":156597,"minecraft:interact_with_furnace":31,"tombstone:raider_killed":5,"minecraft:sleep_in_bed":4,"minecraft:time_since_rest":45503,"minecraft:damage_taken":6459,"minecraft:damage_dealt":12622,"minecraft:player_kills":5,"minecraft:swim_one_cm":1893,"minecraft:fly_one_cm":508388,"minecraft:open_chest":159,"minecraft:crouch_one_cm":26307,"tombstone:undead_killed":27,"minecraft:fall_one_cm":39392},"minecraft:broken":{"minecraft:stone_sword":1,"minecraft:wooden_pickaxe":1,"minecraft:iron_axe":2,"minecraft:stone_axe":2},"minecraft:mined":{"minecraft:white_bed":1,"minecraft:spruce_planks":2,"minecraft:candle":1,"minecraft:brewing_stand":2,"minecraft:spruce_trapdoor":1,"minecraft:granite":1,"minecraft:grass_block":22,"minecraft:weeping_vines":1,"born_in_chaos_v1:gnawed_bones":1,"minecraft:spawner":24,"minecraft:large_fern":2,"minecraft:hay_block":9,"ars_nouveau:magebloom_crop":5,"minecraft:furnace":1,"minecraft:iron_ore":1,"minecraft:barrel":1,"graveyard:upper_bone_staff":2,"treechop:chopped_log":11,"minecraft:bookshelf":11,"minecraft:oak_stairs":2,"minecraft:iron_bars":9,"minecraft:pink_tulip":1,"minecraft:stone":65,"minecraft:cake":1,"minecraft:spruce_slab":2,"minecraft:birch_stairs":1,"minecraft:glass_pane":4,"minecraft:soul_fire":12,"minecraft:oak_fence":1,"minecraft:crafting_table":3,"minecraft:dark_oak_wood":2,"minecraft:chest":4,"minecraft:stone_slab":1,"minecraft:tall_grass":2,"minecraft:cobblestone":1,"minecraft:oak_planks":6,"minecraft:wall_torch":1,"minecraft:birch_planks":4,"ars_nouveau:blue_archwood_log":6,"minecraft:lilac":1,"minecraft:jukebox":1,"minecraft:birch_leaves":2,"minecraft:tnt":1,"minecraft:stone_brick_stairs":1,"minecraft:grass":2,"minecraft:oak_log":8,"minecraft:coal_ore":43,"minecraft:flower_pot":1,"minecraft:dirt":22,"minecraft:cobweb":3,"minecraft:cracked_stone_bricks":1,"minecraft:stone_bricks":4,"minecraft:mossy_stone_bricks":1,"minecraft:oak_leaves":16},"minecraft:used":{"minecraft:stone_sword":130,"born_in_chaos_v1:intoxicating_decoction":1,"minecraft:chest":6,"minecraft:iron_sword":9,"minecraft:rotten_flesh":31,"minecraft:torch":56,"minecraft:dirt":60,"minecraft:carrot":3,"born_in_chaos_v1:corpse_maggot":4,"minecraft:iron_axe":64,"minecraft:stone_brick_stairs":1,"minecraft:stone_bricks":2,"minecraft:bow":1,"minecraft:furnace":4,"tombstone:gift":8,"minecraft:cooked_beef":3,"minecraft:cooked_mutton":2,"minecraft:birch_planks":66,"minecraft:stone_pickaxe":78,"minecraft:ender_pearl":1,"minecraft:wooden_pickaxe":58,"minecraft:tnt":1,"minecraft:crafting_table":6,"minecraft:white_bed":2,"minecraft:bread":18,"minecraft:iron_pickaxe":26,"minecraft:stone_axe":238,"graveyard:upper_bone_staff":2,"minecraft:cobblestone":27,"minecraft:cooked_porkchop":9,"alexsmobs:animal_dictionary":1},"minecraft:picked_up":{"minecraft:crafting_table":3,"minecraft:chainmail_boots":1,"minecraft:flower_pot":2,"minecraft:stone_slab":1,"minecraft:lead":2,"minecraft:oak_stairs":2,"ars_nouveau:blue_archwood_sapling":7,"minecraft:potion":2,"minecraft:stone_brick_stairs":1,"minecraft:chain":1,"minecraft:brewing_stand":2,"minecraft:string":9,"minecraft:iron_axe":2,"alexsmobs:ancient_dart":1,"born_in_chaos_v1:intoxicating_decoction":2,"minecraft:white_carpet":1,"minecraft:oak_sign":5,"minecraft:cracked_stone_bricks":1,"minecraft:candle":4,"minecraft:spruce_planks":4,"minecraft:beef":12,"born_in_chaos_v1:gnawed_bones":1,"minecraft:spruce_slab":1,"minecraft:chest":4,"minecraft:birch_sapling":18,"minecraft:furnace":1,"minecraft:stick":19,"minecraft:raw_iron":1,"minecraft:jukebox":1,"minecraft:oak_fence":1,"minecraft:torch":78,"ars_nouveau:blue_archwood_log":35,"epicfight:skillbook":6,"minecraft:porkchop":7,"tombstone:grave_dust":4,"minecraft:arrow":8,"minecraft:rotten_flesh":31,"minecraft:hay_block":9,"minecraft:pink_tulip":1,"minecraft:saddle":1,"tombstone:essence_of_undeath":1,"minecraft:totem_of_undying":1,"minecraft:gold_ingot":7,"minecraft:iron_bars":2,"minecraft:skeleton_skull":1,"minecraft:cobblestone":66,"minecraft:birch_log":56,"born_in_chaos_v1:corpse_maggot":21,"minecraft:lilac":2,"minecraft:leather":6,"minecraft:potato":1,"minecraft:birch_planks":3,"paraglider:spirit_orb":15,"ars_nouveau:magebloom":5,"minecraft:oak_log":6,"minecraft:chainmail_chestplate":2,"minecraft:dirt":43,"minecraft:bone":17,"minecraft:stone_bricks":4,"minecraft:gray_carpet":8,"minecraft:bow":2,"ars_nouveau:source_gem":4,"minecraft:iron_ingot":5,"minecraft:cobweb":4,"minecraft:iron_sword":1,"minecraft:oak_planks":9,"minecraft:book":15,"minecraft:cooked_porkchop":7,"minecraft:birch_stairs":1,"minecraft:stripped_spruce_log":17,"epicfight:uchigatana":1,"minecraft:white_bed":1,"minecraft:barrel":1,"minecraft:spider_eye":3,"graveyard:upper_bone_staff":2,"minecraft:pumpkin_seeds":4,"tombstone:familiar_stone":1,"useless_sword:vex_ectoplasm":1,"minecraft:chainmail_leggings":1,"minecraft:bone_meal":3,"minecraft:emerald":1,"minecraft:golden_horse_armor":1,"alexsmobs:maggot":2,"tombstone:magic_scroll":1,"minecraft:light_gray_carpet":6,"minecraft:dark_oak_wood":2,"minecraft:coal":43},"minecraft:crafted":{"minecraft:oak_planks":16,"minecraft:furnace":3,"minecraft:stone_pickaxe":1,"minecraft:chest":2,"minecraft:wheat":54,"minecraft:cooked_beef":3,"minecraft:cooked_porkchop":6,"minecraft:crafting_table":4,"minecraft:wooden_pickaxe":1,"minecraft:birch_planks":80,"minecraft:stone_axe":3,"minecraft:bread":18,"minecraft:stick":12,"minecraft:iron_ingot":4,"minecraft:stone_sword":1,"minecraft:white_bed":1},"minecraft:dropped":{"minecraft:iron_sword":1,"minecraft:candle":4,"minecraft:cooked_porkchop":1,"born_in_chaos_v1:orbofthe_summoner":1,"minecraft:leather":3,"minecraft:saddle":1,"paraglider:spirit_orb":3,"minecraft:stick":6,"minecraft:torch":66,"tombstone:grave_dust":2,"minecraft:sugar":2,"minecraft:gold_ingot":7,"minecraft:raw_iron":1,"minecraft:rotten_flesh":3,"minecraft:oak_planks":5,"minecraft:chainmail_chestplate":3,"minecraft:rabbit_hide":3,"minecraft:potato":3,"minecraft:gunpowder":5,"minecraft:chainmail_boots":1,"minecraft:spider_eye":2,"minecraft:iron_bars":2,"minecraft:arrow":1,"minecraft:bow":2,"epicfight:skillbook":2},"minecraft:killed":{"minecraft:evoker":1,"born_in_chaos_v1:door_knight_not_despawn":1,"alexsmobs:raccoon":1,"minecraft:spider":11,"minecraft:vindicator":3,"born_in_chaos_v1:baby_skeleton_minion":2,"minecraft:skeleton":3,"minecraft:pig":3,"born_in_chaos_v1:baby_skeleton":1,"minecraft:creeper":1,"born_in_chaos_v1:decrepit_skeleton":5,"minecraft:pillager":1,"minecraft:zombie":12,"born_in_chaos_v1:corpse_fly":24,"minecraft:stray":3,"alexsmobs:crow":1,"minecraft:cow":7}},"DataVersion":2975}