{"stats":{"minecraft:custom":{"minecraft:interact_with_crafting_table":26,"minecraft:open_barrel":66,"minecraft:leave_game":5,"minecraft:time_since_death":1705,"minecraft:damage_resisted":18,"minecraft:sprint_one_cm":2549648,"minecraft:damage_blocked_by_shield":1155,"minecraft:drop":144,"minecraft:play_noteblock":1,"minecraft:play_time":269244,"minecraft:deaths":23,"tombstone:tomb_raiding":1,"minecraft:jump":2733,"minecraft:walk_on_water_one_cm":18358,"minecraft:interact_with_furnace":32,"minecraft:sleep_in_bed":4,"minecraft:damage_dealt":25818,"minecraft:player_kills":7,"minecraft:crouch_one_cm":50122,"tombstone:undead_killed":66,"minecraft:mob_kills":165,"minecraft:damage_dealt_resisted":1089,"minecraft:climb_one_cm":11273,"minecraft:walk_one_cm":1060552,"minecraft:damage_dealt_absorbed":35,"minecraft:sneak_time":8849,"minecraft:walk_under_water_one_cm":7263,"minecraft:total_world_time":269244,"tombstone:raider_killed":6,"minecraft:time_since_rest":1731,"minecraft:damage_absorbed":123,"minecraft:damage_taken":11521,"minecraft:swim_one_cm":1893,"minecraft:fly_one_cm":753221,"minecraft:open_chest":394,"minecraft:fall_one_cm":55877},"minecraft:used":{"born_in_chaos_v1:intoxicating_decoction":1,"minecraft:chest":8,"minecraft:shield":20,"minecraft:iron_sword":268,"minecraft:rotten_flesh":50,"minecraft:carrot":3,"born_in_chaos_v1:corpse_maggot":4,"minecraft:stone_brick_stairs":1,"minecraft:stone_bricks":2,"minecraft:bow":25,"minecraft:furnace":4,"minecraft:oak_planks":7,"minecraft:stone_pickaxe":78,"minecraft:ender_pearl":1,"minecraft:wooden_pickaxe":58,"minecraft:golden_apple":3,"born_in_chaos_v1:holiday_candy":6,"minecraft:bread":46,"minecraft:diamond_sword":61,"graveyard:upper_bone_staff":2,"minecraft:stone_sword":130,"minecraft:iron_bars":1,"minecraft:torch":104,"minecraft:dirt":60,"minecraft:granite":5,"minecraft:iron_axe":64,"tombstone:gift":12,"minecraft:cooked_beef":8,"minecraft:powder_snow_bucket":2,"minecraft:cooked_mutton":2,"minecraft:water_bucket":8,"minecraft:birch_planks":66,"minecraft:baked_potato":4,"wom:ruine":19,"minecraft:tnt":4,"minecraft:crafting_table":7,"minecraft:white_bed":2,"minecraft:apple":9,"minecraft:iron_pickaxe":166,"minecraft:stone_axe":317,"minecraft:cobblestone":35,"minecraft:potion":4,"minecraft:cooked_porkchop":20,"minecraft:bucket":10,"alexsmobs:animal_dictionary":1},"minecraft:crafted":{"minecraft:oak_planks":16,"minecraft:bow":1,"minecraft:chest":2,"sophisticatedbackpacks:backpack":1,"minecraft:cooked_porkchop":6,"minecraft:crafting_table":5,"minecraft:wooden_pickaxe":1,"minecraft:birch_planks":92,"minecraft:stick":12,"minecraft:iron_ingot":4,"minecraft:stone_sword":1,"minecraft:gold_ingot":18,"minecraft:furnace":3,"minecraft:stone_pickaxe":1,"minecraft:wheat":54,"sophisticatedbackpacks:iron_backpack":1,"minecraft:cooked_beef":3,"minecraft:stone_axe":3,"minecraft:bread":45,"minecraft:white_bed":1},"minecraft:mined":{"minecraft:spruce_planks":2,"minecraft:white_bed":1,"minecraft:brewing_stand":2,"minecraft:spruce_trapdoor":1,"minecraft:granite":6,"minecraft:grass_block":22,"graveyard:skull_on_pike":1,"minecraft:chiseled_stone_bricks":2,"minecraft:spawner":50,"minecraft:mossy_cobblestone_stairs":3,"minecraft:iron_ore":1,"minecraft:barrel":1,"graveyard:upper_bone_staff":2,"minecraft:oak_stairs":2,"minecraft:iron_bars":22,"minecraft:pink_tulip":1,"minecraft:spruce_slab":2,"minecraft:quartz_block":3,"minecraft:soul_fire":12,"minecraft:torch":4,"minecraft:dark_oak_wood":2,"minecraft:chest":8,"minecraft:dead_bush":1,"minecraft:cobblestone":1,"graveyard:lying_skeleton":1,"minecraft:oak_planks":9,"minecraft:iron_door":1,"minecraft:wall_torch":2,"minecraft:lilac":1,"minecraft:jukebox":1,"minecraft:tnt":1,"minecraft:stone_brick_stairs":4,"minecraft:grass":3,"minecraft:oak_log":8,"minecraft:dirt":22,"minecraft:oak_leaves":16,"minecraft:mossy_cobblestone":13,"minecraft:candle":1,"iceandfire:frozen_stone":1,"minecraft:weeping_vines":1,"born_in_chaos_v1:gnawed_bones":1,"minecraft:large_fern":2,"minecraft:hay_block":9,"ars_nouveau:magebloom_crop":5,"minecraft:furnace":1,"treechop:chopped_log":12,"minecraft:mossy_stone_brick_stairs":4,"minecraft:bookshelf":59,"minecraft:vine":3,"minecraft:stone":85,"minecraft:cake":1,"minecraft:birch_stairs":1,"minecraft:glass_pane":4,"minecraft:oak_fence":1,"minecraft:crafting_table":3,"minecraft:stone_slab":1,"minecraft:tall_grass":2,"minecraft:birch_planks":6,"ars_nouveau:blue_archwood_log":6,"minecraft:gray_bed":1,"minecraft:birch_leaves":7,"minecraft:coal_ore":43,"minecraft:flower_pot":1,"minecraft:cobweb":3,"minecraft:cracked_stone_bricks":16,"minecraft:stone_bricks":24,"minecraft:mossy_stone_bricks":9},"minecraft:broken":{"minecraft:iron_boots":1,"minecraft:iron_chestplate":1,"minecraft:iron_leggings":1,"minecraft:stone_axe":2,"minecraft:stone_sword":1,"minecraft:wooden_pickaxe":1,"minecraft:iron_axe":2},"minecraft:killed_by":{"minecraft:creeper":1,"minecraft:pillager":1,"born_in_chaos_v1:corpse_fly":1,"minecraft:zombie":1,"minecraft:vex":3,"minecraft:player":12,"minecraft:spider":1},"minecraft:picked_up":{"ars_nouveau:caster_tome":2,"minecraft:birch_door":3,"minecraft:iron_chestplate":1,"minecraft:wheat":33,"minecraft:chainmail_boots":1,"minecraft:flower_pot":3,"minecraft:diamond_sword":1,"minecraft:stone_slab":1,"minecraft:lead":2,"ars_nouveau:pierce_arrow":25,"minecraft:oak_stairs":2,"minecraft:potion":13,"minecraft:enchanted_book":9,"minecraft:golden_shovel":3,"minecraft:stone_brick_stairs":1,"minecraft:brewing_stand":2,"wom:ruine":1,"minecraft:music_disc_cat":1,"minecraft:string":54,"minecraft:raw_copper":5,"alexsmobs:ancient_dart":1,"minecraft:iron_leggings":3,"minecraft:oak_sign":10,"minecraft:bucket":1,"minecraft:spruce_planks":10,"minecraft:iron_pickaxe":8,"minecraft:furnace":1,"minecraft:golden_helmet":2,"minecraft:stick":40,"born_in_chaos_v1:shattered_skull":2,"minecraft:jukebox":1,"minecraft:oak_fence":1,"minecraft:torch":85,"minecraft:spruce_stairs":2,"epicfight:skillbook":17,"born_in_chaos_v1:pileof_dark_metal":1,"minecraft:porkchop":7,"tombstone:grave_dust":13,"minecraft:brown_carpet":3,"minecraft:quartz_block":3,"minecraft:rotten_flesh":43,"ars_nouveau:worn_notebook":2,"ars_nouveau:whirlisprig_shards":1,"minecraft:leather_horse_armor":2,"epicfight:stray_robe":3,"minecraft:iron_bars":5,"minecraft:cobblestone":308,"minecraft:birch_log":89,"minecraft:lilac":2,"minecraft:iron_door":1,"minecraft:golden_leggings":1,"minecraft:potato":10,"paraglider:spirit_orb":41,"ars_nouveau:magebloom":5,"minecraft:dirt":43,"minecraft:name_tag":9,"minecraft:leather_boots":2,"minecraft:bone":43,"minecraft:bow":15,"ars_nouveau:source_gem":6,"minecraft:wheat_seeds":17,"minecraft:raw_gold":4,"minecraft:mossy_stone_bricks":4,"minecraft:diamond_helmet":2,"minecraft:oak_planks":35,"minecraft:cooked_porkchop":7,"minecraft:music_disc_13":1,"patchouli:guide_book":4,"minecraft:stripped_spruce_log":34,"ars_nouveau:wilden_horn":4,"minecraft:barrel":2,"minecraft:mossy_cobblestone":3,"graveyard:upper_bone_staff":2,"minecraft:light_gray_terracotta":2,"tombstone:familiar_stone":3,"minecraft:diamond":1,"minecraft:granite":5,"minecraft:bone_meal":6,"minecraft:emerald":11,"minecraft:golden_horse_armor":1,"minecraft:bread":8,"alexsmobs:maggot":6,"minecraft:light_gray_carpet":14,"sophisticatedbackpacks:gold_backpack":1,"minecraft:coarse_dirt":2,"minecraft:crafting_table":6,"iceandfire:witherbone":5,"born_in_chaos_v1:seedof_chaos":1,"minecraft:leather_leggings":1,"ars_nouveau:blue_archwood_sapling":14,"minecraft:chain":1,"minecraft:shield":8,"iceandfire:frozen_stone":1,"minecraft:iron_axe":2,"minecraft:compass":1,"born_in_chaos_v1:intoxicating_decoction":2,"minecraft:white_carpet":1,"minecraft:cracked_stone_bricks":1,"minecraft:candle":10,"minecraft:beef":18,"born_in_chaos_v1:gnawed_bones":1,"minecraft:iron_nugget":11,"minecraft:spruce_slab":2,"minecraft:chest":13,"minecraft:birch_sapling":67,"minecraft:diamond_hoe":3,"minecraft:raw_iron":1,"ars_nouveau:purple_archwood_log":80,"ars_nouveau:purple_archwood_sapling":8,"ars_nouveau:blue_archwood_log":70,"minecraft:redstone":19,"minecraft:arrow":139,"minecraft:hay_block":15,"minecraft:pink_tulip":1,"minecraft:totem_of_undying":1,"tombstone:essence_of_undeath":3,"minecraft:saddle":1,"minecraft:gold_ingot":7,"minecraft:mutton":12,"minecraft:skeleton_skull":5,"minecraft:white_wool":2,"born_in_chaos_v1:corpse_maggot":65,"minecraft:clock":1,"born_in_chaos_v1:monster_flesh":6,"minecraft:leather":10,"minecraft:birch_planks":5,"minecraft:oak_log":6,"minecraft:chainmail_chestplate":3,"minecraft:gunpowder":53,"tombstone:gift":1,"minecraft:red_carpet":3,"minecraft:stone_bricks":51,"minecraft:apple":8,"minecraft:gray_carpet":9,"minecraft:iron_ingot":34,"minecraft:cobweb":73,"minecraft:glass_bottle":3,"minecraft:gray_bed":2,"minecraft:iron_sword":8,"minecraft:book":259,"minecraft:birch_stairs":1,"minecraft:amethyst_shard":8,"epicfight:uchigatana":1,"minecraft:white_bed":1,"minecraft:spider_eye":4,"minecraft:diamond_shovel":2,"minecraft:pumpkin_seeds":4,"useless_sword:vex_ectoplasm":2,"minecraft:stone_axe":1,"minecraft:chainmail_leggings":1,"minecraft:mossy_cobblestone_stairs":1,"tombstone:magic_scroll":4,"minecraft:baked_potato":4,"minecraft:dark_oak_wood":2,"minecraft:coal":88,"minecraft:ender_pearl":8},"minecraft:dropped":{"minecraft:iron_sword":2,"minecraft:candle":4,"minecraft:birch_planks":65,"minecraft:glass_bottle":4,"minecraft:crafting_table":2,"minecraft:cooked_porkchop":1,"minecraft:leather":3,"minecraft:saddle":1,"born_in_chaos_v1:pileof_dark_metal":1,"minecraft:leather_helmet":1,"minecraft:red_carpet":3,"paraglider:spirit_orb":7,"minecraft:music_disc_13":1,"born_in_chaos_v1:monster_flesh":6,"minecraft:dirt":27,"minecraft:bone_meal":3,"minecraft:sugar":2,"minecraft:iron_pickaxe":2,"minecraft:white_wool":2,"ars_nouveau:wilden_horn":3,"epicfight:stray_robe":1,"minecraft:gold_ingot":7,"minecraft:bone":23,"minecraft:compass":1,"minecraft:iron_nugget":11,"minecraft:golden_chestplate":1,"minecraft:birch_sapling":33,"minecraft:rotten_flesh":14,"minecraft:oak_planks":16,"minecraft:light_gray_carpet":7,"minecraft:carrot":2,"patchouli:guide_book":2,"minecraft:chainmail_chestplate":4,"minecraft:rabbit_hide":3,"minecraft:gunpowder":12,"minecraft:skeleton_skull":3,"minecraft:quartz_block":3,"born_in_chaos_v1:corpse_maggot":2,"minecraft:chainmail_boots":1,"minecraft:leather_boots":1,"minecraft:birch_door":3,"minecraft:spruce_slab":1,"minecraft:iron_bars":3,"minecraft:arrow":2,"minecraft:stripped_spruce_log":17,"minecraft:wheat_seeds":17,"ars_nouveau:pierce_arrow":1,"minecraft:clock":1,"minecraft:golden_helmet":4,"minecraft:mossy_cobblestone":1,"minecraft:cobblestone":118,"minecraft:book":9,"born_in_chaos_v1:orbofthe_summoner":1,"minecraft:spruce_stairs":2,"minecraft:stick":27,"minecraft:cobweb":3,"ars_nouveau:worn_notebook":1,"minecraft:torch":67,"minecraft:leather_horse_armor":1,"minecraft:iron_door":1,"tombstone:grave_dust":8,"minecraft:potion":5,"minecraft:gray_carpet":1,"minecraft:redstone":19,"alexsmobs:maggot":2,"epicfight:uchigatana":1,"minecraft:coarse_dirt":2,"minecraft:raw_copper":5,"minecraft:light_gray_terracotta":2,"minecraft:raw_iron":1,"minecraft:potato":12,"minecraft:shield":2,"minecraft:flower_pot":1,"minecraft:spruce_planks":4,"minecraft:stone_bricks":47,"minecraft:barrel":1,"minecraft:spider_eye":2,"minecraft:brown_carpet":3,"minecraft:bow":5,"minecraft:stone_pickaxe":1,"epicfight:skillbook":4},"minecraft:killed":{"minecraft:cave_spider":6,"minecraft:witch":1,"born_in_chaos_v1:door_knight_not_despawn":1,"minecraft:spider":19,"born_in_chaos_v1:baby_skeleton_minion":2,"minecraft:skeleton":16,"minecraft:silverfish":2,"born_in_chaos_v1:bonescaller":1,"minecraft:pig":3,"minecraft:zombie_villager":1,"minecraft:creeper":1,"minecraft:sheep":5,"minecraft:pillager":1,"minecraft:zombie":22,"born_in_chaos_v1:corpse_fly":41,"minecraft:stray":15,"minecraft:cow":7,"minecraft:evoker":1,"alexsmobs:raccoon":1,"minecraft:vindicator":3,"alexsmobs:bison":1,"born_in_chaos_v1:baby_skeleton":1,"born_in_chaos_v1:decrepit_skeleton":5,"alexsmobs:crow":1,"minecraft:wither_skeleton":2}},"DataVersion":2975}