{"stats":{"minecraft:picked_up":{"ars_nouveau:caster_tome":3,"minecraft:iron_chestplate":1,"minecraft:birch_door":3,"minecraft:wheat":33,"minecraft:chainmail_boots":1,"minecraft:flower_pot":3,"minecraft:diamond_sword":4,"minecraft:lead":2,"minecraft:stone_slab":1,"ars_nouveau:pierce_arrow":25,"minecraft:oak_stairs":2,"minecraft:potion":23,"minecraft:enchanted_book":14,"minecraft:golden_shovel":3,"minecraft:stone_brick_stairs":1,"minecraft:brewing_stand":2,"wom:ruine":3,"minecraft:music_disc_cat":1,"minecraft:string":89,"minecraft:raw_copper":5,"alexsmobs:ancient_dart":1,"minecraft:iron_leggings":8,"minecraft:experience_bottle":16,"minecraft:oak_sign":10,"iceandfire:sea_serpent_scales_bronze":2,"minecraft:gold_nugget":26,"minecraft:bucket":1,"minecraft:spruce_planks":10,"minecraft:iron_pickaxe":10,"iceandfire:dragonscales_red":36,"minecraft:iron_boots":1,"minecraft:furnace":1,"minecraft:tipped_arrow":3,"minecraft:golden_helmet":3,"minecraft:stick":42,"born_in_chaos_v1:shattered_skull":3,"minecraft:jukebox":1,"minecraft:oak_fence":1,"minecraft:torch":99,"minecraft:spruce_stairs":2,"epicfight:skillbook":20,"born_in_chaos_v1:pileof_dark_metal":1,"minecraft:porkchop":7,"tombstone:grave_dust":13,"minecraft:brown_carpet":3,"minecraft:quartz_block":3,"minecraft:rotten_flesh":54,"ars_nouveau:worn_notebook":2,"ars_nouveau:whirlisprig_shards":1,"minecraft:leather_horse_armor":2,"epicfight:stray_robe":3,"minecraft:iron_bars":11,"minecraft:cobblestone":313,"minecraft:birch_log":91,"minecraft:lilac":2,"minecraft:iron_door":1,"minecraft:water_bucket":3,"minecraft:orange_carpet":4,"minecraft:golden_leggings":1,"minecraft:potato":10,"paraglider:spirit_orb":57,"ars_nouveau:magebloom":5,"minecraft:dirt":147,"minecraft:name_tag":9,"born_in_chaos_v1:marigolds":5,"minecraft:leather_boots":2,"minecraft:bone":66,"minecraft:bow":19,"minecraft:wheat_seeds":19,"ars_nouveau:source_gem":6,"minecraft:raw_gold":4,"minecraft:mossy_stone_bricks":4,"minecraft:diamond_helmet":2,"minecraft:oak_planks":35,"minecraft:cooked_porkchop":7,"minecraft:music_disc_13":1,"patchouli:guide_book":4,"minecraft:stripped_spruce_log":34,"minecraft:dark_oak_log":29,"ars_nouveau:wilden_horn":4,"minecraft:barrel":2,"minecraft:mossy_cobblestone":3,"minecraft:bundle":1,"graveyard:upper_bone_staff":2,"minecraft:light_gray_terracotta":2,"minecraft:polished_andesite":23,"tombstone:familiar_stone":3,"minecraft:diamond":1,"minecraft:granite":5,"minecraft:bone_meal":6,"minecraft:golden_apple":9,"minecraft:chainmail_helmet":2,"minecraft:golden_horse_armor":1,"minecraft:emerald":16,"minecraft:bread":11,"alexsmobs:maggot":6,"born_in_chaos_v1:rotten_fish":2,"minecraft:light_gray_carpet":14,"minecraft:bricks":2,"iceandfire:silver_nugget":18,"minecraft:diamond_pickaxe":2,"sophisticatedbackpacks:gold_backpack":4,"minecraft:crafting_table":6,"minecraft:coarse_dirt":2,"iceandfire:witherbone":6,"born_in_chaos_v1:seedof_chaos":1,"minecraft:leather_leggings":1,"ars_nouveau:blue_archwood_sapling":14,"minecraft:chain":1,"minecraft:shield":12,"minecraft:red_bed":2,"iceandfire:frozen_stone":2,"minecraft:compass":1,"minecraft:iron_axe":2,"artifacts:feral_claws":1,"born_in_chaos_v1:intoxicating_decoction":2,"minecraft:white_carpet":6,"minecraft:iron_shovel":1,"minecraft:cracked_stone_bricks":7,"minecraft:candle":10,"minecraft:beef":18,"born_in_chaos_v1:gnawed_bones":1,"minecraft:iron_nugget":11,"minecraft:spruce_slab":2,"minecraft:chest":13,"minecraft:birch_sapling":67,"minecraft:diamond_hoe":3,"minecraft:raw_iron":73,"ars_nouveau:purple_archwood_log":160,"ars_nouveau:purple_archwood_sapling":8,"ars_nouveau:blue_archwood_log":70,"minecraft:redstone":19,"minecraft:blue_carpet":8,"minecraft:dark_oak_planks":102,"minecraft:arrow":142,"minecraft:hay_block":15,"minecraft:pink_tulip":2,"tombstone:essence_of_undeath":3,"minecraft:saddle":1,"minecraft:gold_ingot":7,"minecraft:totem_of_undying":1,"sophisticatedbackpacks:copper_backpack":1,"minecraft:mutton":45,"minecraft:skeleton_skull":5,"minecraft:white_wool":2,"born_in_chaos_v1:corpse_maggot":68,"minecraft:clock":1,"iceandfire:sea_serpent_fang":8,"born_in_chaos_v1:monster_flesh":8,"minecraft:leather":17,"minecraft:birch_planks":10,"ars_nouveau:wilden_wing":4,"minecraft:oak_log":6,"minecraft:chainmail_chestplate":3,"minecraft:gunpowder":53,"tombstone:gift":1,"minecraft:red_carpet":3,"minecraft:stone_bricks":62,"minecraft:apple":8,"minecraft:gray_carpet":9,"minecraft:iron_ingot":52,"minecraft:cobweb":73,"minecraft:glass_bottle":3,"minecraft:gray_bed":4,"minecraft:iron_sword":8,"iceandfire:fire_dragon_flesh":2,"minecraft:book":380,"minecraft:polished_andesite_stairs":1,"minecraft:stone_brick_slab":2,"minecraft:dandelion":2,"minecraft:birch_stairs":1,"minecraft:amethyst_shard":8,"epicfight:uchigatana":2,"minecraft:white_bed":1,"minecraft:spruce_log":6,"minecraft:spider_eye":4,"minecraft:diamond_shovel":4,"minecraft:pumpkin_seeds":4,"useless_sword:vex_ectoplasm":2,"minecraft:stone_axe":2,"minecraft:chainmail_leggings":1,"minecraft:mossy_cobblestone_stairs":1,"minecraft:baked_potato":4,"tombstone:magic_scroll":4,"minecraft:dark_oak_wood":2,"minecraft:coal":202,"minecraft:ender_pearl":14},"minecraft:dropped":{"minecraft:iron_sword":3,"minecraft:candle":7,"minecraft:birch_planks":65,"minecraft:glass_bottle":5,"minecraft:crafting_table":2,"minecraft:cooked_porkchop":1,"iceandfire:fire_dragon_flesh":1,"minecraft:leather":3,"minecraft:cracked_stone_bricks":7,"minecraft:saddle":1,"born_in_chaos_v1:pileof_dark_metal":1,"minecraft:leather_helmet":1,"paraglider:spirit_orb":11,"minecraft:red_carpet":3,"minecraft:music_disc_13":1,"born_in_chaos_v1:monster_flesh":6,"minecraft:dirt":76,"minecraft:red_bed":2,"minecraft:dark_oak_log":4,"minecraft:orange_carpet":6,"minecraft:bone_meal":3,"minecraft:sugar":2,"minecraft:iron_pickaxe":3,"minecraft:white_wool":2,"ars_nouveau:wilden_horn":3,"epicfight:stray_robe":1,"minecraft:gold_ingot":7,"minecraft:bone":39,"minecraft:gravel":3,"minecraft:dark_oak_door":1,"minecraft:compass":1,"minecraft:iron_nugget":11,"minecraft:golden_chestplate":1,"minecraft:birch_sapling":33,"minecraft:rotten_flesh":17,"minecraft:oak_planks":16,"minecraft:light_gray_carpet":7,"minecraft:carrot":2,"patchouli:guide_book":2,"minecraft:chainmail_chestplate":4,"minecraft:rabbit_hide":3,"minecraft:gunpowder":12,"minecraft:skeleton_skull":3,"minecraft:quartz_block":3,"born_in_chaos_v1:corpse_maggot":8,"minecraft:leather_boots":1,"minecraft:birch_door":3,"minecraft:chainmail_boots":1,"minecraft:spruce_slab":1,"minecraft:iron_bars":3,"minecraft:arrow":2,"born_in_chaos_v1:marigolds":5,"iceandfire:manuscript":8,"minecraft:water_bucket":1,"minecraft:iron_ingot":2,"minecraft:stripped_spruce_log":17,"born_in_chaos_v1:shattered_skull":1,"minecraft:wheat_seeds":19,"ars_nouveau:pierce_arrow":1,"minecraft:clock":1,"minecraft:golden_helmet":5,"minecraft:mossy_cobblestone":1,"minecraft:cobblestone":123,"minecraft:book":9,"born_in_chaos_v1:orbofthe_summoner":1,"minecraft:spruce_stairs":2,"minecraft:stick":29,"minecraft:polished_andesite":25,"minecraft:cobweb":3,"ars_nouveau:worn_notebook":1,"minecraft:diorite":1,"minecraft:leather_horse_armor":1,"minecraft:torch":67,"minecraft:iron_door":1,"tombstone:grave_dust":8,"minecraft:potion":5,"minecraft:iron_leggings":1,"minecraft:polished_andesite_stairs":3,"minecraft:blue_carpet":7,"minecraft:gray_carpet":1,"minecraft:dandelion":3,"minecraft:stone_brick_slab":2,"minecraft:redstone":19,"alexsmobs:maggot":2,"epicfight:uchigatana":2,"minecraft:coarse_dirt":2,"minecraft:raw_copper":5,"minecraft:light_gray_terracotta":2,"iceandfire:witherbone":3,"minecraft:raw_iron":1,"minecraft:white_carpet":6,"minecraft:iron_boots":1,"minecraft:potato":12,"minecraft:shield":2,"minecraft:flower_pot":1,"minecraft:spruce_planks":4,"minecraft:spider_eye":2,"minecraft:barrel":1,"minecraft:stone_bricks":64,"minecraft:brown_carpet":3,"minecraft:bow":6,"minecraft:stone_pickaxe":1,"iceandfire:sea_serpent_fang":8,"epicfight:skillbook":9},"minecraft:mined":{"minecraft:white_bed":1,"minecraft:spruce_planks":2,"minecraft:brewing_stand":2,"minecraft:spruce_trapdoor":1,"minecraft:granite":6,"minecraft:grass_block":23,"graveyard:skull_on_pike":1,"minecraft:chiseled_stone_bricks":2,"minecraft:spawner":79,"minecraft:mossy_cobblestone_stairs":8,"minecraft:iron_ore":25,"minecraft:barrel":1,"minecraft:fire":9,"graveyard:upper_bone_staff":2,"minecraft:nether_brick_stairs":2,"minecraft:oak_stairs":2,"minecraft:iron_bars":29,"minecraft:pink_tulip":2,"minecraft:spruce_slab":2,"minecraft:quartz_block":3,"minecraft:red_bed":1,"minecraft:soul_fire":12,"minecraft:torch":5,"minecraft:dark_oak_wood":2,"minecraft:chest":8,"minecraft:dead_bush":1,"minecraft:cobblestone":5,"graveyard:lying_skeleton":1,"minecraft:oak_planks":9,"minecraft:bricks":2,"minecraft:iron_door":1,"minecraft:wall_torch":2,"minecraft:lilac":1,"minecraft:jukebox":1,"minecraft:stone_brick_stairs":6,"minecraft:tnt":1,"minecraft:grass":14,"minecraft:oak_log":8,"minecraft:dirt":27,"minecraft:oak_leaves":19,"minecraft:mossy_cobblestone":19,"minecraft:candle":1,"iceandfire:frozen_stone":1,"minecraft:weeping_vines":1,"minecraft:spruce_leaves":8,"born_in_chaos_v1:gnawed_bones":1,"minecraft:large_fern":4,"minecraft:hay_block":9,"ars_nouveau:magebloom_crop":5,"minecraft:furnace":1,"treechop:chopped_log":13,"minecraft:mossy_stone_brick_stairs":6,"minecraft:bookshelf":59,"minecraft:vine":5,"minecraft:stone":89,"minecraft:cake":1,"minecraft:birch_stairs":1,"minecraft:glass_pane":6,"minecraft:stone_brick_slab":2,"minecraft:oak_fence":1,"minecraft:crafting_table":3,"minecraft:stone_slab":1,"minecraft:tall_grass":7,"minecraft:birch_planks":11,"ars_nouveau:blue_archwood_log":6,"minecraft:gray_bed":1,"minecraft:birch_leaves":8,"minecraft:yellow_bed":1,"minecraft:coal_ore":81,"minecraft:flower_pot":1,"minecraft:cobweb":3,"minecraft:cracked_stone_bricks":17,"minecraft:stone_bricks":30,"minecraft:mossy_stone_bricks":14,"minecraft:fern":15},"minecraft:custom":{"minecraft:interact_with_crafting_table":28,"minecraft:open_barrel":66,"minecraft:leave_game":11,"minecraft:time_since_death":1050,"minecraft:damage_resisted":18,"minecraft:sprint_one_cm":4021331,"minecraft:damage_blocked_by_shield":1889,"minecraft:drop":204,"minecraft:play_noteblock":1,"minecraft:play_time":444105,"minecraft:deaths":81,"tombstone:tomb_raiding":2,"minecraft:jump":5879,"minecraft:walk_on_water_one_cm":70408,"minecraft:interact_with_furnace":38,"minecraft:sleep_in_bed":4,"minecraft:damage_dealt":41420,"minecraft:player_kills":20,"minecraft:crouch_one_cm":57055,"tombstone:undead_killed":109,"minecraft:mob_kills":235,"minecraft:damage_dealt_resisted":1964,"minecraft:climb_one_cm":18291,"minecraft:walk_one_cm":1658354,"minecraft:damage_dealt_absorbed":63,"minecraft:sneak_time":9859,"minecraft:walk_under_water_one_cm":45883,"minecraft:total_world_time":444105,"tombstone:raider_killed":7,"minecraft:time_since_rest":1074,"minecraft:damage_absorbed":193,"minecraft:damage_taken":2147483647,"minecraft:trigger_trapped_chest":2,"minecraft:swim_one_cm":59482,"minecraft:fly_one_cm":1700551,"minecraft:open_chest":510,"minecraft:fall_one_cm":129146},"minecraft:killed":{"minecraft:cave_spider":6,"minecraft:witch":1,"born_in_chaos_v1:door_knight_not_despawn":1,"minecraft:spider":24,"born_in_chaos_v1:baby_skeleton_minion":2,"minecraft:skeleton":20,"minecraft:silverfish":2,"born_in_chaos_v1:bonescaller":1,"minecraft:pig":3,"minecraft:zombie_villager":1,"alexsmobs:seal":1,"minecraft:creeper":1,"minecraft:sheep":5,"born_in_chaos_v1:zombie_fisherman":1,"minecraft:pillager":2,"minecraft:zombie":33,"born_in_chaos_v1:dread_hound":2,"born_in_chaos_v1:corpse_fly":46,"minecraft:stray":28,"alexsmobs:fly":1,"born_in_chaos_v1:door_knight":1,"iceandfire:sea_serpent":1,"minecraft:cow":7,"minecraft:evoker":1,"alexsmobs:raccoon":1,"minecraft:vindicator":3,"born_in_chaos_v1:thornshell_crab":2,"born_in_chaos_v1:maggot":5,"iceandfire:fire_dragon":2,"alexsmobs:bison":1,"ars_nouveau:summon_wolf":1,"born_in_chaos_v1:bone_imp_minion":5,"iceandfire:cyclops":1,"born_in_chaos_v1:baby_skeleton":3,"born_in_chaos_v1:decrepit_skeleton":5,"iceandfire:ghost":3,"born_in_chaos_v1:bonescaller_not_despawn":1,"born_in_chaos_v1:nightmare_stalker":1,"alexsmobs:crow":1,"minecraft:wither_skeleton":4},"minecraft:killed_by":{"mowziesmobs:naga":1,"born_in_chaos_v1:nightmare_stalker":1,"iceandfire:cyclops":4,"minecraft:creeper":2,"minecraft:pillager":2,"born_in_chaos_v1:corpse_fly":1,"iceandfire:ice_dragon":3,"born_in_chaos_v1:supreme_bonescaller_not_despawn":1,"minecraft:zombie":4,"born_in_chaos_v1:bonescaller_not_despawn":1,"iceandfire:fire_dragon":2,"minecraft:illusioner":1,"minecraft:vex":3,"ars_nouveau:summon_wolf":1,"minecraft:player":38,"minecraft:stray":3,"minecraft:spider":1,"iceandfire:gorgon":1,"mutantmonsters:mutant_skeleton":1,"minecraft:skeleton":3,"born_in_chaos_v1:thornshell_crab":1},"minecraft:crafted":{"minecraft:oak_planks":16,"minecraft:bow":1,"minecraft:chest":2,"sophisticatedbackpacks:backpack":1,"minecraft:cooked_porkchop":6,"minecraft:crafting_table":6,"minecraft:spruce_planks":24,"minecraft:wooden_pickaxe":1,"minecraft:birch_planks":92,"minecraft:stick":12,"minecraft:iron_ingot":4,"minecraft:stone_sword":1,"minecraft:gold_ingot":18,"minecraft:furnace":3,"minecraft:stone_pickaxe":1,"minecraft:wheat":81,"sophisticatedbackpacks:iron_backpack":1,"minecraft:cooked_beef":3,"minecraft:stone_axe":3,"minecraft:bread":54,"minecraft:white_bed":1},"minecraft:used":{"born_in_chaos_v1:intoxicating_decoction":1,"minecraft:chest":8,"minecraft:shield":53,"minecraft:iron_sword":278,"minecraft:rotten_flesh":50,"minecraft:carrot":3,"born_in_chaos_v1:corpse_maggot":4,"minecraft:lava_bucket":2,"minecraft:stone_brick_stairs":1,"minecraft:stone_bricks":2,"minecraft:bow":86,"minecraft:furnace":4,"minecraft:oak_planks":7,"minecraft:stone_pickaxe":78,"minecraft:ender_pearl":3,"minecraft:wooden_pickaxe":58,"minecraft:chainmail_helmet":1,"minecraft:golden_apple":3,"born_in_chaos_v1:holiday_candy":6,"born_in_chaos_v1:monster_flesh":2,"minecraft:bread":59,"minecraft:diamond_sword":373,"born_in_chaos_v1:rotten_fish":2,"graveyard:upper_bone_staff":2,"minecraft:iron_bars":1,"minecraft:stone_sword":130,"minecraft:torch":125,"minecraft:dirt":60,"minecraft:granite":5,"minecraft:iron_axe":64,"tombstone:gift":12,"minecraft:cooked_beef":10,"minecraft:powder_snow_bucket":2,"minecraft:cooked_mutton":2,"minecraft:water_bucket":53,"iceandfire:fire_dragon_flesh":1,"minecraft:birch_planks":66,"minecraft:baked_potato":6,"wom:ruine":21,"minecraft:tnt":4,"minecraft:crafting_table":8,"minecraft:white_bed":2,"minecraft:apple":12,"minecraft:iron_pickaxe":315,"minecraft:stone_axe":330,"minecraft:potion":5,"minecraft:cobblestone":35,"minecraft:cooked_porkchop":20,"minecraft:bucket":58,"alexsmobs:animal_dictionary":1},"minecraft:broken":{"minecraft:diamond_helmet":1,"minecraft:iron_boots":1,"minecraft:iron_chestplate":1,"minecraft:iron_leggings":3,"minecraft:stone_axe":3,"minecraft:stone_sword":1,"minecraft:chainmail_helmet":1,"minecraft:wooden_pickaxe":1,"minecraft:iron_axe":2}},"DataVersion":2975}