{"stats":{"minecraft:custom":{"minecraft:interact_with_crafting_table":36,"minecraft:open_barrel":73,"minecraft:eat_cake_slice":2,"minecraft:leave_game":19,"minecraft:time_since_death":71958,"minecraft:damage_resisted":18,"minecraft:sprint_one_cm":5640148,"minecraft:damage_blocked_by_shield":3144,"minecraft:drop":315,"minecraft:play_noteblock":1,"minecraft:talked_to_villager":5,"minecraft:play_time":632754,"minecraft:deaths":107,"tombstone:tomb_raiding":2,"minecraft:jump":8728,"minecraft:walk_on_water_one_cm":79820,"minecraft:interact_with_furnace":54,"minecraft:sleep_in_bed":5,"minecraft:damage_dealt":58897,"minecraft:player_kills":30,"minecraft:crouch_one_cm":87210,"tombstone:undead_killed":165,"minecraft:interact_with_smoker":2,"minecraft:mob_kills":360,"minecraft:damage_dealt_resisted":4290,"minecraft:climb_one_cm":36571,"minecraft:walk_one_cm":2369723,"minecraft:damage_dealt_absorbed":126,"minecraft:sneak_time":13485,"minecraft:walk_under_water_one_cm":47923,"minecraft:boat_one_cm":520,"minecraft:total_world_time":632754,"tombstone:raider_killed":7,"minecraft:time_since_rest":71981,"minecraft:damage_absorbed":251,"minecraft:damage_taken":2147483647,"minecraft:trigger_trapped_chest":2,"minecraft:swim_one_cm":76427,"minecraft:fly_one_cm":2721309,"minecraft:open_chest":663,"minecraft:fall_one_cm":279973},"minecraft:used":{"born_in_chaos_v1:intoxicating_decoction":1,"minecraft:chest":15,"minecraft:shield":75,"minecraft:iron_sword":278,"minecraft:rotten_flesh":50,"minecraft:carrot":3,"wom:agony":65,"born_in_chaos_v1:corpse_maggot":4,"minecraft:lava_bucket":11,"minecraft:stone_brick_stairs":1,"minecraft:stone_bricks":2,"minecraft:bow":93,"minecraft:hay_block":7,"minecraft:furnace":4,"minecraft:gray_bed":2,"minecraft:leather_leggings":1,"minecraft:oak_planks":7,"minecraft:stone_pickaxe":78,"minecraft:ender_pearl":6,"minecraft:wooden_pickaxe":58,"minecraft:chainmail_helmet":1,"minecraft:golden_apple":6,"born_in_chaos_v1:holiday_candy":10,"born_in_chaos_v1:monster_flesh":2,"minecraft:bread":69,"minecraft:diamond_sword":721,"born_in_chaos_v1:rotten_fish":2,"graveyard:upper_bone_staff":2,"minecraft:enchanting_table":1,"minecraft:iron_bars":5,"minecraft:stone_sword":130,"minecraft:cooked_chicken":3,"minecraft:torch":134,"minecraft:dirt":83,"minecraft:granite":5,"minecraft:iron_axe":64,"tombstone:gift":12,"minecraft:cooked_beef":23,"minecraft:powder_snow_bucket":2,"minecraft:cooked_mutton":27,"minecraft:water_bucket":75,"iceandfire:fire_dragon_flesh":1,"minecraft:birch_planks":66,"minecraft:baked_potato":9,"minecraft:birch_boat":2,"wom:ruine":26,"minecraft:tnt":6,"minecraft:crafting_table":11,"minecraft:white_bed":2,"minecraft:apple":28,"minecraft:diamond_shovel":11,"minecraft:iron_pickaxe":358,"minecraft:leather_helmet":1,"minecraft:stone_axe":347,"minecraft:potion":6,"minecraft:cobblestone":35,"minecraft:cooked_porkchop":20,"minecraft:bucket":89,"alexsmobs:animal_dictionary":1},"minecraft:crafted":{"minecraft:oak_planks":16,"minecraft:birch_boat":2,"minecraft:cooked_chicken":3,"minecraft:cooked_mutton":23,"minecraft:bow":1,"minecraft:chest":9,"sophisticatedbackpacks:backpack":1,"minecraft:cooked_porkchop":6,"minecraft:crafting_table":8,"minecraft:spruce_planks":24,"minecraft:wooden_pickaxe":1,"minecraft:birch_planks":176,"minecraft:stick":12,"minecraft:iron_ingot":4,"minecraft:stone_sword":1,"minecraft:gold_ingot":18,"minecraft:furnace":3,"minecraft:stone_pickaxe":1,"minecraft:wheat":81,"sophisticatedbackpacks:iron_backpack":1,"minecraft:cooked_beef":14,"minecraft:stone_axe":3,"minecraft:bread":54,"minecraft:white_bed":1},"minecraft:mined":{"minecraft:white_bed":16,"minecraft:spruce_planks":2,"minecraft:brewing_stand":2,"minecraft:spruce_trapdoor":1,"minecraft:granite":6,"minecraft:grass_block":24,"graveyard:skull_on_pike":1,"minecraft:chiseled_stone_bricks":2,"minecraft:spawner":98,"minecraft:mossy_cobblestone_stairs":8,"minecraft:iron_ore":25,"minecraft:barrel":1,"minecraft:fire":9,"graveyard:upper_bone_staff":2,"ars_nouveau:intangible_air":1,"minecraft:nether_brick_stairs":2,"minecraft:enchanting_table":1,"minecraft:dirt_path":2,"minecraft:oak_stairs":2,"minecraft:iron_bars":42,"minecraft:deepslate_brick_stairs":1,"minecraft:pink_tulip":2,"minecraft:spruce_slab":2,"minecraft:quartz_block":3,"minecraft:red_bed":1,"minecraft:soul_fire":12,"minecraft:torch":5,"minecraft:dark_oak_wood":2,"minecraft:chest":8,"minecraft:dead_bush":1,"minecraft:cobblestone":6,"graveyard:lying_skeleton":1,"minecraft:oak_planks":9,"minecraft:bricks":2,"minecraft:iron_door":1,"minecraft:wall_torch":4,"minecraft:lilac":1,"minecraft:jukebox":1,"minecraft:stone_brick_stairs":6,"minecraft:tnt":1,"minecraft:grass":51,"minecraft:oak_log":8,"minecraft:dirt":32,"minecraft:oak_leaves":19,"minecraft:mossy_cobblestone":19,"minecraft:candle":1,"minecraft:nether_bricks":4,"minecraft:allium":2,"iceandfire:frozen_stone":1,"minecraft:weeping_vines":1,"minecraft:spruce_leaves":8,"born_in_chaos_v1:gnawed_bones":1,"minecraft:large_fern":4,"minecraft:hay_block":60,"ars_nouveau:magebloom_crop":5,"minecraft:furnace":1,"minecraft:andesite":1,"treechop:chopped_log":14,"minecraft:mossy_stone_brick_stairs":6,"minecraft:bookshelf":59,"minecraft:vine":5,"minecraft:stone":89,"minecraft:cake":1,"minecraft:birch_stairs":1,"minecraft:glass_pane":6,"minecraft:stone_brick_slab":2,"minecraft:oak_fence":1,"minecraft:crafting_table":5,"minecraft:campfire":2,"minecraft:stone_slab":1,"minecraft:tall_grass":53,"minecraft:birch_planks":11,"ars_nouveau:blue_archwood_log":6,"minecraft:gray_bed":3,"minecraft:birch_leaves":9,"minecraft:yellow_bed":9,"minecraft:coal_ore":81,"minecraft:flower_pot":1,"minecraft:cobweb":3,"minecraft:cracked_stone_bricks":17,"minecraft:stone_bricks":30,"minecraft:mossy_stone_bricks":14,"minecraft:fern":15},"minecraft:broken":{"minecraft:diamond_helmet":1,"minecraft:leather_leggings":1,"minecraft:iron_boots":1,"minecraft:iron_chestplate":1,"minecraft:iron_leggings":5,"minecraft:diamond_boots":1,"minecraft:stone_axe":3,"minecraft:stone_sword":1,"minecraft:chainmail_helmet":2,"minecraft:wooden_pickaxe":1,"minecraft:iron_axe":2},"minecraft:picked_up":{"ars_nouveau:caster_tome":4,"minecraft:iron_chestplate":1,"minecraft:birch_door":3,"minecraft:wheat":33,"minecraft:chainmail_boots":1,"minecraft:flower_pot":3,"minecraft:stone_slab":1,"minecraft:lead":2,"minecraft:diamond_sword":4,"ars_nouveau:pierce_arrow":25,"minecraft:oak_stairs":2,"minecraft:enchanted_book":14,"minecraft:potion":23,"minecraft:golden_shovel":3,"minecraft:stone_brick_stairs":1,"minecraft:brewing_stand":2,"wom:ruine":3,"minecraft:music_disc_cat":1,"minecraft:string":102,"minecraft:raw_copper":5,"alexsmobs:ancient_dart":1,"minecraft:iron_leggings":9,"minecraft:experience_bottle":17,"minecraft:oak_sign":15,"iceandfire:sea_serpent_scales_bronze":2,"minecraft:gold_nugget":26,"minecraft:bucket":1,"minecraft:spruce_planks":10,"minecraft:iron_pickaxe":11,"iceandfire:dragonscales_red":36,"minecraft:iron_boots":2,"minecraft:furnace":1,"minecraft:golden_helmet":4,"minecraft:tipped_arrow":3,"minecraft:stick":43,"minecraft:music_disc_blocks":1,"born_in_chaos_v1:shattered_skull":3,"minecraft:jukebox":1,"minecraft:oak_fence":2,"minecraft:torch":109,"minecraft:spruce_stairs":3,"epicfight:skillbook":21,"born_in_chaos_v1:pileof_dark_metal":1,"minecraft:porkchop":7,"tombstone:grave_dust":15,"minecraft:golden_chestplate":2,"minecraft:brown_carpet":3,"minecraft:quartz_block":3,"minecraft:rotten_flesh":73,"ars_nouveau:worn_notebook":2,"ars_nouveau:whirlisprig_shards":1,"minecraft:leather_horse_armor":2,"epicfight:stray_robe":3,"minecraft:iron_bars":21,"minecraft:cobblestone":319,"minecraft:birch_log":96,"minecraft:enchanting_table":1,"minecraft:feather":3,"minecraft:lilac":2,"minecraft:iron_door":1,"minecraft:water_bucket":4,"minecraft:orange_carpet":4,"minecraft:golden_leggings":1,"minecraft:potato":10,"paraglider:spirit_orb":71,"ars_nouveau:magebloom":5,"minecraft:dirt":233,"minecraft:lantern":1,"minecraft:polished_granite":1,"minecraft:name_tag":9,"born_in_chaos_v1:monster_skin":1,"minecraft:leather_boots":2,"born_in_chaos_v1:marigolds":5,"minecraft:bone":89,"minecraft:bow":19,"minecraft:wheat_seeds":37,"ars_nouveau:source_gem":6,"minecraft:raw_gold":4,"minecraft:mossy_stone_bricks":11,"minecraft:diamond_helmet":2,"minecraft:mossy_stone_brick_stairs":3,"minecraft:oak_planks":35,"minecraft:cooked_porkchop":7,"minecraft:music_disc_13":1,"patchouli:guide_book":4,"minecraft:stripped_spruce_log":34,"minecraft:dark_oak_log":33,"ars_nouveau:wilden_horn":4,"minecraft:barrel":2,"minecraft:mossy_cobblestone":3,"minecraft:bundle":1,"graveyard:upper_bone_staff":2,"minecraft:polished_andesite":23,"minecraft:light_gray_terracotta":2,"tombstone:familiar_stone":3,"minecraft:diamond":1,"minecraft:granite":5,"minecraft:bone_meal":6,"minecraft:golden_apple":9,"minecraft:bread":12,"minecraft:chainmail_helmet":2,"minecraft:golden_horse_armor":1,"minecraft:emerald":17,"alexsmobs:maggot":6,"born_in_chaos_v1:rotten_fish":3,"minecraft:light_gray_carpet":14,"iceandfire:silver_nugget":18,"minecraft:bricks":2,"minecraft:diamond_pickaxe":2,"minecraft:charcoal":4,"sophisticatedbackpacks:gold_backpack":4,"minecraft:coarse_dirt":2,"minecraft:crafting_table":8,"minecraft:allium":19,"minecraft:azure_bluet":2,"iceandfire:witherbone":6,"minecraft:chicken":3,"born_in_chaos_v1:seedof_chaos":1,"minecraft:leather_leggings":1,"minecraft:stone_brick_wall":2,"ars_nouveau:blue_archwood_sapling":14,"minecraft:chain":1,"minecraft:shield":13,"minecraft:red_bed":2,"iceandfire:frozen_stone":2,"born_in_chaos_v1:intoxicating_decoction":2,"minecraft:iron_axe":2,"minecraft:compass":1,"artifacts:feral_claws":1,"minecraft:item_frame":3,"minecraft:white_carpet":6,"minecraft:iron_shovel":1,"minecraft:cracked_stone_bricks":7,"minecraft:candle":10,"minecraft:beef":29,"born_in_chaos_v1:gnawed_bones":2,"minecraft:iron_nugget":11,"minecraft:poppy":1,"minecraft:spruce_slab":2,"minecraft:chest":13,"minecraft:birch_sapling":67,"minecraft:diamond_hoe":3,"minecraft:raw_iron":73,"ars_nouveau:purple_archwood_log":160,"ars_nouveau:blue_archwood_log":70,"ars_nouveau:purple_archwood_sapling":8,"minecraft:redstone":19,"minecraft:blue_carpet":8,"minecraft:dark_oak_planks":102,"minecraft:tnt":1,"minecraft:arrow":147,"minecraft:hay_block":63,"minecraft:pink_tulip":2,"minecraft:gold_ingot":7,"minecraft:saddle":1,"tombstone:essence_of_undeath":3,"minecraft:totem_of_undying":1,"sophisticatedbackpacks:copper_backpack":1,"minecraft:mutton":48,"minecraft:skeleton_skull":5,"minecraft:white_wool":2,"born_in_chaos_v1:corpse_maggot":73,"minecraft:clock":1,"iceandfire:sea_serpent_fang":8,"born_in_chaos_v1:monster_flesh":8,"minecraft:leather":18,"minecraft:birch_planks":11,"ars_nouveau:wilden_wing":4,"minecraft:oak_log":8,"minecraft:chainmail_chestplate":4,"minecraft:yellow_bed":8,"minecraft:gunpowder":55,"tombstone:gift":1,"minecraft:cooked_mutton":4,"minecraft:red_carpet":3,"minecraft:gray_carpet":9,"minecraft:apple":16,"minecraft:stone_bricks":62,"minecraft:iron_ingot":52,"minecraft:cobweb":73,"tombstone:bag_of_seeds":1,"minecraft:glass_bottle":3,"minecraft:gray_bed":6,"minecraft:iron_sword":8,"iceandfire:fire_dragon_flesh":2,"minecraft:book":380,"minecraft:polished_andesite_stairs":1,"minecraft:stone_brick_slab":2,"born_in_chaos_v1:ethereal_spirit":6,"minecraft:dandelion":2,"minecraft:lava_bucket":1,"minecraft:birch_stairs":1,"minecraft:amethyst_shard":8,"epicfight:uchigatana":2,"minecraft:white_bed":15,"minecraft:spruce_log":10,"minecraft:spider_eye":6,"minecraft:spruce_door":1,"minecraft:diamond_shovel":4,"minecraft:pumpkin_seeds":4,"useless_sword:vex_ectoplasm":2,"minecraft:stone_axe":3,"minecraft:chainmail_leggings":1,"minecraft:mossy_cobblestone_stairs":1,"minecraft:baked_potato":4,"tombstone:magic_scroll":5,"minecraft:dark_oak_wood":2,"minecraft:coal":202,"minecraft:ender_pearl":14},"minecraft:killed_by":{"mowziesmobs:naga":1,"born_in_chaos_v1:nightmare_stalker":1,"iceandfire:cyclops":4,"minecraft:creeper":2,"minecraft:pillager":2,"born_in_chaos_v1:bone_imp_minion":1,"born_in_chaos_v1:corpse_fly":1,"iceandfire:ice_dragon":3,"born_in_chaos_v1:supreme_bonescaller_not_despawn":3,"minecraft:zombie":6,"born_in_chaos_v1:bonescaller_not_despawn":3,"iceandfire:fire_dragon":2,"minecraft:illusioner":1,"minecraft:vex":4,"ars_nouveau:summon_wolf":1,"minecraft:player":51,"minecraft:stray":3,"minecraft:spider":1,"alexsmobs:gelada_monkey":1,"iceandfire:gorgon":1,"mutantmonsters:mutant_skeleton":1,"minecraft:skeleton":3,"born_in_chaos_v1:dread_hound":1,"born_in_chaos_v1:thornshell_crab":1},"minecraft:dropped":{"minecraft:iron_sword":3,"minecraft:candle":7,"minecraft:birch_planks":66,"minecraft:oak_log":2,"minecraft:ender_pearl":1,"minecraft:glass_bottle":9,"minecraft:crafting_table":2,"minecraft:cooked_porkchop":1,"iceandfire:fire_dragon_flesh":1,"minecraft:lantern":1,"minecraft:leather":4,"minecraft:mossy_stone_brick_stairs":1,"minecraft:cracked_stone_bricks":7,"minecraft:saddle":1,"born_in_chaos_v1:pileof_dark_metal":1,"minecraft:leather_helmet":1,"paraglider:spirit_orb":42,"minecraft:red_carpet":3,"minecraft:item_frame":3,"minecraft:music_disc_13":1,"born_in_chaos_v1:monster_flesh":6,"minecraft:dirt":236,"minecraft:red_bed":2,"minecraft:dark_oak_log":4,"minecraft:orange_carpet":6,"born_in_chaos_v1:monster_skin":1,"artifacts:charm_of_sinking":1,"minecraft:snowball":16,"minecraft:bone_meal":3,"born_in_chaos_v1:black_argillite_brick_wall":1,"minecraft:sugar":2,"minecraft:iron_pickaxe":3,"minecraft:white_wool":10,"ars_nouveau:wilden_horn":3,"epicfight:stray_robe":1,"minecraft:gold_ingot":29,"minecraft:bone":59,"minecraft:music_disc_blocks":1,"minecraft:gravel":3,"minecraft:dark_oak_door":1,"minecraft:stone_axe":1,"minecraft:compass":1,"minecraft:iron_nugget":11,"minecraft:golden_chestplate":3,"minecraft:birch_sapling":33,"born_in_chaos_v1:ethereal_spirit":4,"minecraft:beetroot":4,"minecraft:rotten_flesh":23,"minecraft:oak_planks":16,"minecraft:light_gray_carpet":7,"minecraft:cooked_mutton":4,"minecraft:golden_shovel":1,"minecraft:azure_bluet":3,"minecraft:carrot":3,"patchouli:guide_book":2,"minecraft:chainmail_chestplate":7,"minecraft:poppy":1,"minecraft:rabbit_hide":3,"minecraft:gunpowder":12,"minecraft:skeleton_skull":3,"minecraft:quartz_block":3,"born_in_chaos_v1:corpse_maggot":19,"minecraft:stone_brick_wall":2,"minecraft:leather_boots":1,"minecraft:birch_door":3,"minecraft:chainmail_boots":1,"minecraft:spruce_slab":1,"minecraft:iron_bars":7,"minecraft:arrow":2,"born_in_chaos_v1:marigolds":5,"iceandfire:manuscript":8,"minecraft:egg":8,"minecraft:water_bucket":2,"minecraft:iron_ingot":11,"minecraft:bread":1,"minecraft:stripped_spruce_log":17,"born_in_chaos_v1:shattered_skull":2,"minecraft:wheat_seeds":40,"ars_nouveau:pierce_arrow":1,"minecraft:clock":1,"minecraft:golden_helmet":5,"minecraft:mossy_cobblestone":1,"minecraft:feather":3,"minecraft:cobblestone":140,"minecraft:book":9,"born_in_chaos_v1:orbofthe_summoner":1,"minecraft:spruce_door":1,"minecraft:spruce_stairs":2,"minecraft:coal":1,"minecraft:stick":31,"minecraft:polished_andesite":25,"minecraft:cobweb":4,"ars_nouveau:worn_notebook":1,"minecraft:diorite":1,"tombstone:magic_scroll":1,"minecraft:torch":78,"minecraft:leather_horse_armor":1,"minecraft:iron_door":1,"tombstone:grave_dust":13,"minecraft:potion":5,"minecraft:iron_leggings":2,"minecraft:polished_andesite_stairs":3,"minecraft:chainmail_leggings":1,"minecraft:string":8,"minecraft:blue_carpet":7,"minecraft:tripwire_hook":5,"minecraft:gray_carpet":1,"minecraft:dandelion":5,"ars_nouveau:caster_tome":1,"minecraft:stone_brick_slab":2,"minecraft:redstone":19,"alexsmobs:maggot":2,"epicfight:uchigatana":2,"minecraft:coarse_dirt":2,"minecraft:raw_copper":5,"minecraft:light_gray_terracotta":2,"minecraft:raw_iron":1,"iceandfire:witherbone":3,"minecraft:white_carpet":6,"minecraft:light_gray_wool":3,"minecraft:iron_boots":2,"minecraft:oak_sign":10,"minecraft:potato":12,"minecraft:shield":3,"minecraft:flower_pot":1,"minecraft:allium":23,"minecraft:spruce_planks":4,"minecraft:spider_eye":5,"minecraft:barrel":1,"minecraft:stone_bricks":67,"minecraft:brown_carpet":3,"minecraft:bow":6,"minecraft:stone_pickaxe":1,"iceandfire:sea_serpent_fang":8,"epicfight:skillbook":9},"minecraft:killed":{"born_in_chaos_v1:zombie_clown":1,"alexsmobs:hummingbird":6,"minecraft:cave_spider":7,"iceandfire:hippogryph":1,"minecraft:witch":1,"born_in_chaos_v1:door_knight_not_despawn":1,"minecraft:spider":32,"born_in_chaos_v1:scarlet_persecutor":3,"born_in_chaos_v1:baby_skeleton_minion":3,"minecraft:skeleton":28,"realmrpg_demons:chort":1,"minecraft:silverfish":3,"born_in_chaos_v1:baby_skeleton_2":1,"born_in_chaos_v1:bonescaller":1,"minecraft:pig":3,"minecraft:zombie_villager":1,"born_in_chaos_v1:wither_scuttler":1,"alexsmobs:seal":1,"minecraft:creeper":1,"minecraft:sheep":5,"minecraft:pillager":2,"born_in_chaos_v1:zombie_fisherman":1,"minecraft:zombie":63,"born_in_chaos_v1:dread_hound":2,"born_in_chaos_v1:corpse_fly":58,"minecraft:stray":34,"alexsmobs:fly":4,"born_in_chaos_v1:door_knight":1,"iceandfire:sea_serpent":1,"minecraft:cow":8,"minecraft:evoker":1,"alexsmobs:raccoon":1,"minecraft:vindicator":3,"born_in_chaos_v1:skeleton_thrasher_not_despawn":1,"born_in_chaos_v1:thornshell_crab":2,"born_in_chaos_v1:maggot":18,"iceandfire:fire_dragon":2,"born_in_chaos_v1:corpse_fish":3,"alexsmobs:bison":2,"ars_nouveau:summon_wolf":4,"born_in_chaos_v1:fallen_chaos_knight":2,"born_in_chaos_v1:bone_imp_minion":7,"iceandfire:cyclops":1,"born_in_chaos_v1:baby_skeleton":4,"born_in_chaos_v1:decrepit_skeleton":8,"alexsmobs:gelada_monkey":1,"ars_nouveau:wilden_stalker":1,"iceandfire:ghost":3,"born_in_chaos_v1:bonescaller_not_despawn":1,"ars_nouveau:whirlisprig":1,"born_in_chaos_v1:nightmare_stalker":1,"alexsmobs:crow":1,"ars_nouveau:wilden_hunter":2,"minecraft:wither_skeleton":4}},"DataVersion":2975}