{"stats":{"minecraft:killed_by":{"minecraft:player":6,"minecraft:creeper":1,"minecraft:spider":1,"minecraft:pillager":1,"born_in_chaos_v1:corpse_fly":1,"minecraft:zombie":1,"minecraft:vex":3},"minecraft:custom":{"minecraft:mob_kills":155,"minecraft:interact_with_crafting_table":20,"minecraft:open_barrel":64,"minecraft:damage_dealt_resisted":1089,"minecraft:leave_game":3,"minecraft:time_since_death":116945,"minecraft:climb_one_cm":10902,"minecraft:damage_resisted":18,"minecraft:sprint_one_cm":2259770,"minecraft:walk_one_cm":930042,"minecraft:damage_blocked_by_shield":1155,"minecraft:drop":64,"minecraft:play_noteblock":1,"minecraft:damage_dealt_absorbed":35,"minecraft:play_time":228065,"minecraft:deaths":17,"minecraft:sneak_time":8125,"minecraft:walk_under_water_one_cm":3763,"minecraft:jump":2097,"minecraft:walk_on_water_one_cm":12279,"minecraft:total_world_time":228065,"minecraft:interact_with_furnace":31,"tombstone:raider_killed":6,"minecraft:sleep_in_bed":4,"minecraft:time_since_rest":116971,"minecraft:damage_absorbed":123,"minecraft:damage_taken":8415,"minecraft:damage_dealt":23202,"minecraft:player_kills":6,"minecraft:swim_one_cm":1893,"minecraft:fly_one_cm":552120,"minecraft:open_chest":363,"minecraft:crouch_one_cm":44779,"tombstone:undead_killed":63,"minecraft:fall_one_cm":42372},"minecraft:broken":{"minecraft:stone_sword":1,"minecraft:wooden_pickaxe":1,"minecraft:iron_axe":2,"minecraft:stone_axe":2},"minecraft:mined":{"minecraft:white_bed":1,"minecraft:spruce_planks":2,"minecraft:mossy_cobblestone":13,"minecraft:candle":1,"minecraft:brewing_stand":2,"minecraft:spruce_trapdoor":1,"minecraft:granite":6,"minecraft:grass_block":22,"minecraft:weeping_vines":1,"born_in_chaos_v1:gnawed_bones":1,"minecraft:chiseled_stone_bricks":2,"minecraft:spawner":50,"minecraft:hay_block":9,"minecraft:large_fern":2,"ars_nouveau:magebloom_crop":5,"minecraft:furnace":1,"minecraft:mossy_cobblestone_stairs":3,"minecraft:iron_ore":1,"minecraft:barrel":1,"graveyard:upper_bone_staff":2,"treechop:chopped_log":11,"minecraft:mossy_stone_brick_stairs":4,"minecraft:bookshelf":11,"minecraft:vine":3,"minecraft:oak_stairs":2,"minecraft:iron_bars":22,"minecraft:pink_tulip":1,"minecraft:stone":85,"minecraft:cake":1,"minecraft:spruce_slab":2,"minecraft:birch_stairs":1,"minecraft:glass_pane":4,"minecraft:quartz_block":3,"minecraft:soul_fire":12,"minecraft:oak_fence":1,"minecraft:crafting_table":3,"minecraft:torch":4,"minecraft:dark_oak_wood":2,"minecraft:chest":5,"minecraft:stone_slab":1,"minecraft:tall_grass":2,"minecraft:cobblestone":1,"minecraft:oak_planks":6,"minecraft:iron_door":1,"minecraft:wall_torch":2,"minecraft:birch_planks":6,"ars_nouveau:blue_archwood_log":6,"minecraft:lilac":1,"minecraft:jukebox":1,"minecraft:birch_leaves":2,"minecraft:tnt":1,"minecraft:stone_brick_stairs":4,"minecraft:grass":3,"minecraft:coal_ore":43,"minecraft:oak_log":8,"minecraft:flower_pot":1,"minecraft:dirt":22,"minecraft:cobweb":3,"minecraft:cracked_stone_bricks":16,"minecraft:stone_bricks":24,"minecraft:mossy_stone_bricks":9,"minecraft:oak_leaves":16},"minecraft:used":{"minecraft:stone_sword":130,"minecraft:iron_bars":1,"born_in_chaos_v1:intoxicating_decoction":1,"minecraft:chest":6,"minecraft:shield":20,"minecraft:iron_sword":266,"minecraft:rotten_flesh":50,"minecraft:torch":103,"minecraft:dirt":60,"minecraft:carrot":3,"minecraft:granite":5,"born_in_chaos_v1:corpse_maggot":4,"minecraft:iron_axe":64,"minecraft:stone_brick_stairs":1,"minecraft:stone_bricks":2,"minecraft:bow":19,"minecraft:furnace":4,"tombstone:gift":10,"minecraft:cooked_beef":8,"minecraft:cooked_mutton":2,"minecraft:baked_potato":4,"minecraft:birch_planks":66,"minecraft:stone_pickaxe":78,"minecraft:ender_pearl":1,"minecraft:wooden_pickaxe":58,"wom:ruine":1,"minecraft:golden_apple":3,"minecraft:tnt":4,"minecraft:crafting_table":6,"minecraft:white_bed":2,"born_in_chaos_v1:holiday_candy":6,"minecraft:apple":1,"minecraft:bread":26,"minecraft:iron_pickaxe":166,"minecraft:stone_axe":241,"graveyard:upper_bone_staff":2,"minecraft:cobblestone":35,"minecraft:potion":4,"minecraft:cooked_porkchop":20,"alexsmobs:animal_dictionary":1},"minecraft:picked_up":{"minecraft:iron_chestplate":1,"minecraft:crafting_table":3,"iceandfire:witherbone":1,"minecraft:chainmail_boots":1,"minecraft:flower_pot":2,"minecraft:stone_slab":1,"minecraft:lead":2,"minecraft:oak_stairs":2,"ars_nouveau:blue_archwood_sapling":7,"minecraft:potion":4,"minecraft:enchanted_book":1,"minecraft:golden_shovel":1,"minecraft:stone_brick_stairs":1,"minecraft:chain":1,"minecraft:brewing_stand":2,"minecraft:shield":2,"minecraft:music_disc_cat":1,"minecraft:string":20,"alexsmobs:ancient_dart":1,"minecraft:iron_axe":2,"born_in_chaos_v1:intoxicating_decoction":2,"minecraft:white_carpet":1,"minecraft:oak_sign":5,"minecraft:cracked_stone_bricks":1,"minecraft:candle":4,"minecraft:spruce_planks":4,"minecraft:beef":12,"born_in_chaos_v1:gnawed_bones":1,"minecraft:iron_pickaxe":1,"minecraft:spruce_slab":1,"minecraft:chest":5,"minecraft:birch_sapling":18,"minecraft:furnace":1,"minecraft:golden_helmet":2,"minecraft:stick":20,"minecraft:raw_iron":1,"minecraft:jukebox":1,"minecraft:oak_fence":1,"minecraft:torch":85,"epicfight:skillbook":9,"ars_nouveau:blue_archwood_log":35,"minecraft:porkchop":7,"tombstone:grave_dust":4,"minecraft:arrow":20,"minecraft:rotten_flesh":43,"minecraft:hay_block":9,"minecraft:pink_tulip":1,"tombstone:essence_of_undeath":1,"minecraft:saddle":1,"minecraft:gold_ingot":7,"minecraft:totem_of_undying":1,"epicfight:stray_robe":2,"minecraft:iron_bars":5,"minecraft:skeleton_skull":1,"minecraft:cobblestone":80,"minecraft:birch_log":56,"born_in_chaos_v1:corpse_maggot":30,"minecraft:lilac":2,"minecraft:iron_door":1,"minecraft:leather":10,"minecraft:potato":1,"minecraft:birch_planks":4,"paraglider:spirit_orb":41,"ars_nouveau:magebloom":5,"minecraft:oak_log":6,"minecraft:chainmail_chestplate":3,"minecraft:dirt":43,"tombstone:gift":1,"minecraft:leather_boots":1,"minecraft:bone":35,"minecraft:stone_bricks":4,"minecraft:gray_carpet":8,"minecraft:bow":3,"ars_nouveau:source_gem":4,"minecraft:iron_ingot":5,"minecraft:cobweb":7,"minecraft:mossy_stone_bricks":4,"minecraft:diamond_helmet":1,"minecraft:iron_sword":1,"minecraft:oak_planks":9,"minecraft:book":15,"minecraft:cooked_porkchop":7,"minecraft:birch_stairs":1,"epicfight:uchigatana":1,"minecraft:stripped_spruce_log":17,"minecraft:white_bed":1,"minecraft:spider_eye":4,"minecraft:barrel":1,"minecraft:mossy_cobblestone":3,"graveyard:upper_bone_staff":2,"minecraft:pumpkin_seeds":4,"useless_sword:vex_ectoplasm":1,"tombstone:familiar_stone":1,"minecraft:diamond":1,"minecraft:chainmail_leggings":1,"minecraft:granite":5,"minecraft:bone_meal":3,"minecraft:mossy_cobblestone_stairs":1,"minecraft:golden_horse_armor":1,"minecraft:emerald":1,"minecraft:baked_potato":4,"alexsmobs:maggot":2,"tombstone:magic_scroll":1,"minecraft:light_gray_carpet":6,"minecraft:dark_oak_wood":2,"minecraft:coal":43},"minecraft:crafted":{"minecraft:oak_planks":16,"minecraft:furnace":3,"minecraft:bow":1,"minecraft:stone_pickaxe":1,"minecraft:chest":2,"minecraft:wheat":54,"minecraft:cooked_beef":3,"sophisticatedbackpacks:backpack":1,"minecraft:cooked_porkchop":6,"minecraft:crafting_table":4,"minecraft:wooden_pickaxe":1,"minecraft:birch_planks":80,"minecraft:stone_axe":3,"minecraft:bread":34,"minecraft:stick":12,"minecraft:iron_ingot":4,"minecraft:stone_sword":1,"minecraft:white_bed":1},"minecraft:dropped":{"minecraft:iron_sword":1,"minecraft:candle":4,"minecraft:birch_planks":64,"minecraft:golden_helmet":4,"minecraft:mossy_cobblestone":1,"minecraft:glass_bottle":2,"minecraft:cooked_porkchop":1,"born_in_chaos_v1:orbofthe_summoner":1,"minecraft:leather":3,"minecraft:saddle":1,"minecraft:leather_helmet":1,"paraglider:spirit_orb":7,"minecraft:stick":7,"minecraft:cobweb":3,"minecraft:torch":66,"minecraft:iron_door":1,"tombstone:grave_dust":2,"minecraft:potion":3,"minecraft:sugar":2,"minecraft:iron_pickaxe":1,"minecraft:bone":15,"minecraft:gold_ingot":7,"epicfight:uchigatana":1,"minecraft:golden_chestplate":1,"minecraft:raw_iron":1,"minecraft:rotten_flesh":14,"minecraft:oak_planks":5,"minecraft:carrot":2,"minecraft:chainmail_chestplate":4,"minecraft:rabbit_hide":3,"minecraft:potato":3,"minecraft:shield":2,"minecraft:gunpowder":5,"minecraft:chainmail_boots":1,"minecraft:spider_eye":2,"minecraft:iron_bars":3,"minecraft:arrow":2,"minecraft:bow":2,"minecraft:stone_pickaxe":1,"epicfight:skillbook":3},"minecraft:killed":{"minecraft:evoker":1,"minecraft:cave_spider":6,"minecraft:witch":1,"born_in_chaos_v1:door_knight_not_despawn":1,"alexsmobs:raccoon":1,"minecraft:spider":18,"minecraft:vindicator":3,"born_in_chaos_v1:baby_skeleton_minion":2,"minecraft:skeleton":15,"minecraft:silverfish":2,"minecraft:pig":3,"minecraft:zombie_villager":1,"born_in_chaos_v1:baby_skeleton":1,"minecraft:creeper":1,"born_in_chaos_v1:decrepit_skeleton":5,"minecraft:pillager":1,"minecraft:zombie":21,"born_in_chaos_v1:corpse_fly":41,"minecraft:stray":15,"alexsmobs:crow":1,"minecraft:wither_skeleton":2,"minecraft:cow":7}},"DataVersion":2975}