{"stats":{"minecraft:crafted":{"minecraft:crafting_table":1,"minecraft:wooden_pickaxe":1},"minecraft:custom":{"minecraft:mob_kills":38,"minecraft:interact_with_crafting_table":1,"minecraft:open_barrel":4,"minecraft:leave_game":1,"minecraft:time_since_death":33059,"minecraft:sleep_in_bed":2,"minecraft:climb_one_cm":7236,"minecraft:time_since_rest":25682,"minecraft:damage_absorbed":347,"minecraft:sprint_one_cm":479643,"minecraft:damage_taken":2479,"minecraft:walk_one_cm":316947,"minecraft:damage_blocked_by_shield":190,"minecraft:drop":10,"minecraft:damage_dealt":6235,"minecraft:damage_dealt_absorbed":147,"minecraft:talked_to_villager":15,"minecraft:fly_one_cm":362299,"minecraft:open_chest":63,"minecraft:crouch_one_cm":7886,"minecraft:play_time":59197,"tombstone:undead_killed":20,"minecraft:deaths":2,"minecraft:sneak_time":934,"minecraft:jump":722,"minecraft:total_world_time":59197,"minecraft:fall_one_cm":24099,"minecraft:horse_one_cm":1781},"minecraft:used":{"epicfight:skillbook":1,"minecraft:leather_leggings":1,"minecraft:birch_planks":2,"minecraft:stone_pickaxe":1,"minecraft:baked_potato":3,"minecraft:shield":7,"minecraft:leather_chestplate":1,"minecraft:spruce_planks":4,"minecraft:wooden_pickaxe":3,"minecraft:iron_sword":103,"minecraft:rotten_flesh":2,"minecraft:cracked_stone_bricks":7,"minecraft:torch":4,"minecraft:dirt":5,"minecraft:crafting_table":1,"minecraft:spruce_stairs":1,"minecraft:white_bed":1,"minecraft:wooden_axe":37,"born_in_chaos_v1:smoked_flesh":4,"born_in_chaos_v1:monster_flesh":1,"minecraft:bread":18,"minecraft:iron_pickaxe":4,"minecraft:polished_andesite_stairs":1,"minecraft:potion":1,"tombstone:gift":4,"minecraft:cooked_beef":10},"minecraft:mined":{"minecraft:spruce_planks":4,"minecraft:white_bed":1,"iceandfire:copper_pile":4,"minecraft:torch":1,"minecraft:grass_block":1,"minecraft:wall_torch":1,"minecraft:spawner":8,"minecraft:spruce_stairs":1,"iceandfire:silver_pile":6,"iceandfire:gold_pile":6},"minecraft:killed_by":{"minecraft:vex":1,"born_in_chaos_v1:shy_spirit":1},"minecraft:broken":{"minecraft:iron_chestplate":1},"minecraft:picked_up":{"born_in_chaos_v1:corpse_maggot":3,"minecraft:iron_chestplate":1,"minecraft:leather_chestplate":1,"minecraft:air":0,"minecraft:cooked_beef":1,"iceandfire:witherbone":3,"useless_sword:wither_bone":2,"minecraft:golden_leggings":1,"minecraft:birch_planks":2,"paraglider:spirit_orb":14,"minecraft:string":15,"minecraft:dirt":5,"minecraft:leather_boots":1,"minecraft:bone":5,"minecraft:wheat_seeds":2,"minecraft:gold_nugget":36,"minecraft:spruce_planks":4,"minecraft:iron_ingot":2,"minecraft:stone_pickaxe":1,"minecraft:iron_sword":1,"minecraft:iron_boots":2,"minecraft:polished_andesite_stairs":1,"iceandfire:copper_nugget":28,"minecraft:torch":2,"minecraft:spruce_stairs":1,"sophisticatedbackpacks:backpack":1,"epicfight:skillbook":1,"tombstone:grave_dust":7,"minecraft:white_bed":1,"minecraft:bundle":1,"minecraft:arrow":5,"minecraft:rotten_flesh":11,"minecraft:iron_helmet":1,"minecraft:gold_ingot":2,"minecraft:bread":15,"minecraft:coal":5,"iceandfire:silver_nugget":20},"minecraft:dropped":{"minecraft:wheat_seeds":2,"minecraft:iron_helmet":1,"minecraft:leather_chestplate":1,"minecraft:leather_boots":1,"tombstone:grave_dust":4,"minecraft:leather_leggings":1,"minecraft:bone":1},"minecraft:killed":{"minecraft:cave_spider":1,"minecraft:spider":9,"minecraft:skeleton":3,"minecraft:zombie":10,"born_in_chaos_v1:corpse_fly":7,"minecraft:wither_skeleton":7}},"DataVersion":2975}