{"stats":{"minecraft:crafted":{"minecraft:crafting_table":1,"minecraft:wooden_pickaxe":1},"minecraft:custom":{"minecraft:mob_kills":57,"minecraft:interact_with_crafting_table":1,"minecraft:open_barrel":4,"minecraft:damage_dealt_resisted":60,"minecraft:leave_game":2,"minecraft:time_since_death":52848,"minecraft:sleep_in_bed":2,"minecraft:climb_one_cm":8248,"minecraft:time_since_rest":45471,"minecraft:damage_absorbed":1637,"minecraft:sprint_one_cm":606684,"minecraft:damage_taken":2656,"minecraft:walk_one_cm":412495,"minecraft:damage_blocked_by_shield":353,"minecraft:drop":21,"minecraft:damage_dealt":9375,"minecraft:damage_dealt_absorbed":240,"minecraft:talked_to_villager":15,"minecraft:fly_one_cm":422621,"minecraft:open_chest":84,"minecraft:crouch_one_cm":10267,"minecraft:play_time":78986,"tombstone:undead_killed":31,"minecraft:deaths":2,"minecraft:sneak_time":1331,"minecraft:walk_under_water_one_cm":2148,"minecraft:jump":887,"minecraft:walk_on_water_one_cm":3082,"minecraft:total_world_time":78986,"minecraft:fall_one_cm":30239,"minecraft:horse_one_cm":1781},"minecraft:used":{"epicfight:skillbook":4,"minecraft:leather_leggings":1,"minecraft:iron_bars":4,"minecraft:birch_planks":2,"minecraft:stone_pickaxe":1,"minecraft:baked_potato":3,"minecraft:shield":11,"minecraft:leather_chestplate":1,"minecraft:spruce_planks":4,"minecraft:wooden_pickaxe":3,"minecraft:iron_sword":150,"minecraft:rotten_flesh":2,"minecraft:cracked_stone_bricks":9,"minecraft:torch":4,"minecraft:dirt":5,"minecraft:crafting_table":1,"minecraft:spruce_stairs":1,"minecraft:white_bed":1,"minecraft:wooden_axe":37,"born_in_chaos_v1:smoked_flesh":4,"born_in_chaos_v1:monster_flesh":1,"minecraft:bread":19,"minecraft:iron_pickaxe":38,"minecraft:polished_andesite_stairs":1,"minecraft:deepslate":15,"minecraft:diamond_sword":21,"minecraft:potion":2,"tombstone:gift":4,"minecraft:cooked_beef":16,"minecraft:cobbled_deepslate":3,"minecraft:iron_leggings":1},"minecraft:mined":{"minecraft:spruce_planks":4,"minecraft:white_bed":1,"iceandfire:copper_pile":4,"minecraft:torch":1,"minecraft:grass_block":1,"minecraft:wall_torch":1,"minecraft:spawner":14,"minecraft:spruce_stairs":1,"minecraft:stone_brick_stairs":1,"soulsweapons:moonstone_ore_deepslate":2,"minecraft:vine":1,"iceandfire:silver_pile":6,"iceandfire:gold_pile":6,"minecraft:iron_bars":6,"minecraft:stone":1,"minecraft:deepslate":15},"minecraft:killed_by":{"minecraft:vex":1,"born_in_chaos_v1:shy_spirit":1},"minecraft:broken":{"minecraft:iron_helmet":1,"minecraft:iron_chestplate":1},"minecraft:picked_up":{"born_in_chaos_v1:corpse_maggot":4,"minecraft:iron_chestplate":1,"minecraft:leather_chestplate":1,"minecraft:air":0,"minecraft:cooked_beef":1,"iceandfire:witherbone":4,"useless_sword:wither_bone":2,"minecraft:golden_leggings":2,"minecraft:birch_planks":2,"paraglider:spirit_orb":24,"ars_nouveau:wilden_wing":1,"minecraft:stone_brick_stairs":1,"minecraft:chainmail_chestplate":1,"minecraft:shield":1,"epicfight:stray_pants":1,"minecraft:string":21,"minecraft:dirt":5,"minecraft:leather_boots":1,"minecraft:bone":16,"minecraft:wheat_seeds":2,"minecraft:gold_nugget":36,"minecraft:cobbled_deepslate":4,"alexsmobs:cockroach_wing_fragment":1,"minecraft:spruce_planks":4,"minecraft:iron_ingot":2,"minecraft:stone_pickaxe":1,"minecraft:iron_sword":2,"minecraft:tipped_arrow":1,"minecraft:iron_boots":2,"minecraft:stone":1,"minecraft:polished_andesite_stairs":1,"iceandfire:copper_nugget":28,"minecraft:torch":2,"minecraft:spruce_stairs":1,"sophisticatedbackpacks:backpack":1,"epicfight:skillbook":2,"tombstone:grave_dust":9,"minecraft:white_bed":1,"soulsweapons:moonstone_ore_deepslate":2,"minecraft:spider_eye":1,"minecraft:bundle":1,"minecraft:arrow":13,"minecraft:rotten_flesh":15,"minecraft:deepslate":15,"minecraft:chainmail_leggings":1,"minecraft:iron_helmet":1,"minecraft:gold_ingot":2,"minecraft:bread":15,"minecraft:iron_bars":6,"minecraft:coal":6,"iceandfire:silver_nugget":20,"minecraft:rail":3},"minecraft:dropped":{"minecraft:iron_sword":1,"minecraft:wheat_seeds":2,"minecraft:iron_helmet":1,"minecraft:rotten_flesh":3,"minecraft:iron_boots":2,"minecraft:chainmail_chestplate":1,"minecraft:leather_chestplate":1,"minecraft:stone":1,"minecraft:shield":1,"born_in_chaos_v1:corpse_maggot":1,"minecraft:leather_boots":1,"minecraft:golden_leggings":2,"tombstone:grave_dust":4,"minecraft:leather_leggings":1,"minecraft:chainmail_leggings":1,"minecraft:bone":1},"minecraft:killed":{"minecraft:cave_spider":6,"minecraft:spider":9,"born_in_chaos_v1:maggot":2,"minecraft:skeleton":8,"minecraft:zombie":13,"ars_nouveau:wilden_stalker":1,"born_in_chaos_v1:corpse_fly":7,"minecraft:stray":2,"minecraft:wither_skeleton":8}},"DataVersion":2975}