{"stats":{"minecraft:crafted":{"minecraft:crafting_table":1,"minecraft:wooden_pickaxe":1},"minecraft:used":{"minecraft:wooden_axe":37,"born_in_chaos_v1:smoked_flesh":4,"minecraft:leather_leggings":1,"born_in_chaos_v1:monster_flesh":1,"minecraft:birch_planks":2,"minecraft:bread":18,"minecraft:baked_potato":3,"minecraft:polished_andesite_stairs":1,"minecraft:leather_chestplate":1,"minecraft:wooden_pickaxe":3,"minecraft:spruce_planks":4,"minecraft:shield":6,"minecraft:iron_sword":12,"minecraft:rotten_flesh":2,"minecraft:cracked_stone_bricks":6,"minecraft:torch":4,"minecraft:dirt":5,"minecraft:potion":1,"minecraft:crafting_table":1,"minecraft:spruce_stairs":1,"tombstone:gift":2,"minecraft:white_bed":1,"minecraft:cooked_beef":4},"minecraft:custom":{"minecraft:time_since_rest":14238,"minecraft:sprint_one_cm":400224,"minecraft:damage_taken":1770,"minecraft:walk_one_cm":239311,"minecraft:damage_blocked_by_shield":125,"minecraft:mob_kills":18,"minecraft:drop":5,"minecraft:damage_dealt":2618,"minecraft:damage_dealt_absorbed":59,"minecraft:interact_with_crafting_table":1,"minecraft:talked_to_villager":15,"minecraft:fly_one_cm":355027,"minecraft:open_barrel":4,"minecraft:open_chest":47,"minecraft:crouch_one_cm":7831,"minecraft:play_time":47753,"tombstone:undead_killed":6,"minecraft:deaths":2,"minecraft:sneak_time":918,"minecraft:jump":697,"minecraft:time_since_death":21615,"minecraft:sleep_in_bed":2,"minecraft:total_world_time":47753,"minecraft:climb_one_cm":7152,"minecraft:fall_one_cm":23071,"minecraft:horse_one_cm":1781},"minecraft:mined":{"minecraft:spruce_stairs":1,"minecraft:spruce_planks":4,"minecraft:white_bed":1,"iceandfire:copper_pile":4,"minecraft:torch":1,"minecraft:grass_block":1,"iceandfire:silver_pile":6,"iceandfire:gold_pile":6,"minecraft:wall_torch":1,"minecraft:spawner":3},"minecraft:killed_by":{"minecraft:vex":1,"born_in_chaos_v1:shy_spirit":1},"minecraft:picked_up":{"minecraft:leather_chestplate":1,"born_in_chaos_v1:corpse_maggot":3,"minecraft:polished_andesite_stairs":1,"minecraft:cooked_beef":1,"iceandfire:copper_nugget":28,"minecraft:air":0,"minecraft:torch":2,"minecraft:spruce_stairs":1,"minecraft:birch_planks":2,"paraglider:spirit_orb":6,"tombstone:grave_dust":3,"minecraft:white_bed":1,"minecraft:string":6,"minecraft:dirt":5,"minecraft:leather_boots":1,"minecraft:bone":1,"minecraft:rotten_flesh":8,"minecraft:wheat_seeds":2,"minecraft:gold_nugget":36,"minecraft:spruce_planks":4,"minecraft:iron_ingot":2,"minecraft:stone_pickaxe":1,"minecraft:gold_ingot":2,"minecraft:bread":15,"minecraft:iron_sword":1,"iceandfire:silver_nugget":20},"minecraft:dropped":{"minecraft:leather_chestplate":1,"minecraft:wheat_seeds":2,"tombstone:grave_dust":2},"minecraft:killed":{"minecraft:zombie":5,"born_in_chaos_v1:corpse_fly":6,"minecraft:spider":6,"minecraft:wither_skeleton":1}},"DataVersion":2975}